"pair_id","r1_653","r2_653","r1_698","r2_698","paired_653_status","paired_698_status"
"SRR7910035.10334997",NA,"M",NA,"P","R2_ONLY_POSITIONAL_EVIDENCE","R2_ONLY_POSITIONAL_EVIDENCE"
"SRR7910035.10419688",NA,NA,NA,"L","NO_POSITIONAL_EVIDENCE","R2_ONLY_POSITIONAL_EVIDENCE"
"SRR7910035.10456372",NA,"M",NA,"L","R2_ONLY_POSITIONAL_EVIDENCE","R2_ONLY_POSITIONAL_EVIDENCE"
"SRR7910035.10469288",NA,NA,"L",NA,"NO_POSITIONAL_EVIDENCE","R1_ONLY_POSITIONAL_EVIDENCE"
"SRR7910035.10483750","M",NA,"L",NA,"R1_ONLY_POSITIONAL_EVIDENCE","R1_ONLY_POSITIONAL_EVIDENCE"
"SRR7910035.10523016",NA,"M","L","L","R2_ONLY_POSITIONAL_EVIDENCE","BOTH_MATES_CONCORDANT"
"SRR7910035.10897477",NA,"M","L","L","R2_ONLY_POSITIONAL_EVIDENCE","BOTH_MATES_CONCORDANT"
"SRR7910035.10926248","M",NA,NA,NA,"R1_ONLY_POSITIONAL_EVIDENCE","NO_POSITIONAL_EVIDENCE"
"SRR7910035.10939317","M","M","L",NA,"BOTH_MATES_CONCORDANT","R1_ONLY_POSITIONAL_EVIDENCE"
"SRR7910035.11021101",NA,NA,NA,"L","NO_POSITIONAL_EVIDENCE","R2_ONLY_POSITIONAL_EVIDENCE"
"SRR7910035.11023455",NA,NA,"L",NA,"NO_POSITIONAL_EVIDENCE","R1_ONLY_POSITIONAL_EVIDENCE"
"SRR7910035.11083043","M","M",NA,NA,"BOTH_MATES_CONCORDANT","NO_POSITIONAL_EVIDENCE"
"SRR7910035.11105842","M",NA,NA,NA,"R1_ONLY_POSITIONAL_EVIDENCE","NO_POSITIONAL_EVIDENCE"
"SRR7910035.11127158",NA,NA,"L","L","NO_POSITIONAL_EVIDENCE","BOTH_MATES_CONCORDANT"
"SRR7910035.11149758","M",NA,NA,NA,"R1_ONLY_POSITIONAL_EVIDENCE","NO_POSITIONAL_EVIDENCE"
"SRR7910035.11156038",NA,"M",NA,NA,"R2_ONLY_POSITIONAL_EVIDENCE","NO_POSITIONAL_EVIDENCE"
"SRR7910035.11156312",NA,"K",NA,NA,"R2_ONLY_POSITIONAL_EVIDENCE","NO_POSITIONAL_EVIDENCE"
"SRR7910035.11256751",NA,NA,"L",NA,"NO_POSITIONAL_EVIDENCE","R1_ONLY_POSITIONAL_EVIDENCE"
"SRR7910035.11271351","M",NA,NA,"L","R1_ONLY_POSITIONAL_EVIDENCE","R2_ONLY_POSITIONAL_EVIDENCE"
"SRR7910035.11287848","M","M","L",NA,"BOTH_MATES_CONCORDANT","R1_ONLY_POSITIONAL_EVIDENCE"
"SRR7910035.11312982",NA,"M","L",NA,"R2_ONLY_POSITIONAL_EVIDENCE","R1_ONLY_POSITIONAL_EVIDENCE"
"SRR7910035.11403111","M",NA,"L",NA,"R1_ONLY_POSITIONAL_EVIDENCE","R1_ONLY_POSITIONAL_EVIDENCE"
"SRR7910035.1141484",NA,"M",NA,"L","R2_ONLY_POSITIONAL_EVIDENCE","R2_ONLY_POSITIONAL_EVIDENCE"
"SRR7910035.11518660",NA,"M","L","R","R2_ONLY_POSITIONAL_EVIDENCE","BOTH_MATES_DISCORDANT"
"SRR7910035.11527768",NA,NA,NA,"L","NO_POSITIONAL_EVIDENCE","R2_ONLY_POSITIONAL_EVIDENCE"
"SRR7910035.11607509",NA,"M",NA,NA,"R2_ONLY_POSITIONAL_EVIDENCE","NO_POSITIONAL_EVIDENCE"
"SRR7910035.11835878",NA,NA,NA,"L","NO_POSITIONAL_EVIDENCE","R2_ONLY_POSITIONAL_EVIDENCE"
"SRR7910035.11981873","M",NA,NA,NA,"R1_ONLY_POSITIONAL_EVIDENCE","NO_POSITIONAL_EVIDENCE"
"SRR7910035.12082200",NA,NA,"L",NA,"NO_POSITIONAL_EVIDENCE","R1_ONLY_POSITIONAL_EVIDENCE"
"SRR7910035.12113293",NA,NA,NA,"L","NO_POSITIONAL_EVIDENCE","R2_ONLY_POSITIONAL_EVIDENCE"
"SRR7910035.12225327","M",NA,NA,NA,"R1_ONLY_POSITIONAL_EVIDENCE","NO_POSITIONAL_EVIDENCE"
"SRR7910035.12343262","M","M","L",NA,"BOTH_MATES_CONCORDANT","R1_ONLY_POSITIONAL_EVIDENCE"
"SRR7910035.12493194",NA,"M",NA,"L","R2_ONLY_POSITIONAL_EVIDENCE","R2_ONLY_POSITIONAL_EVIDENCE"
"SRR7910035.12572402","M",NA,NA,NA,"R1_ONLY_POSITIONAL_EVIDENCE","NO_POSITIONAL_EVIDENCE"
"SRR7910035.12596863",NA,NA,"L",NA,"NO_POSITIONAL_EVIDENCE","R1_ONLY_POSITIONAL_EVIDENCE"
"SRR7910035.12625143",NA,"M",NA,NA,"R2_ONLY_POSITIONAL_EVIDENCE","NO_POSITIONAL_EVIDENCE"
"SRR7910035.12748195","M",NA,NA,NA,"R1_ONLY_POSITIONAL_EVIDENCE","NO_POSITIONAL_EVIDENCE"
"SRR7910035.12822655",NA,NA,NA,"L","NO_POSITIONAL_EVIDENCE","R2_ONLY_POSITIONAL_EVIDENCE"
"SRR7910035.12873013",NA,"M",NA,NA,"R2_ONLY_POSITIONAL_EVIDENCE","NO_POSITIONAL_EVIDENCE"
"SRR7910035.12893422","M","M","L","L","BOTH_MATES_CONCORDANT","BOTH_MATES_CONCORDANT"
"SRR7910035.12905111",NA,NA,NA,"L","NO_POSITIONAL_EVIDENCE","R2_ONLY_POSITIONAL_EVIDENCE"
"SRR7910035.12937012",NA,"M","L","R","R2_ONLY_POSITIONAL_EVIDENCE","BOTH_MATES_DISCORDANT"
"SRR7910035.13033134","M",NA,NA,"L","R1_ONLY_POSITIONAL_EVIDENCE","R2_ONLY_POSITIONAL_EVIDENCE"
"SRR7910035.13122849","M",NA,NA,NA,"R1_ONLY_POSITIONAL_EVIDENCE","NO_POSITIONAL_EVIDENCE"
"SRR7910035.13155573","M",NA,"L",NA,"R1_ONLY_POSITIONAL_EVIDENCE","R1_ONLY_POSITIONAL_EVIDENCE"
"SRR7910035.13234468",NA,"M",NA,"P","R2_ONLY_POSITIONAL_EVIDENCE","R2_ONLY_POSITIONAL_EVIDENCE"
"SRR7910035.13395112","M",NA,NA,NA,"R1_ONLY_POSITIONAL_EVIDENCE","NO_POSITIONAL_EVIDENCE"
"SRR7910035.13527606",NA,"M",NA,NA,"R2_ONLY_POSITIONAL_EVIDENCE","NO_POSITIONAL_EVIDENCE"
"SRR7910035.13676752",NA,NA,NA,"L","NO_POSITIONAL_EVIDENCE","R2_ONLY_POSITIONAL_EVIDENCE"
"SRR7910035.13708841",NA,"M",NA,"L","R2_ONLY_POSITIONAL_EVIDENCE","R2_ONLY_POSITIONAL_EVIDENCE"
"SRR7910035.13737285","M",NA,NA,NA,"R1_ONLY_POSITIONAL_EVIDENCE","NO_POSITIONAL_EVIDENCE"
"SRR7910035.13878768",NA,NA,NA,"L","NO_POSITIONAL_EVIDENCE","R2_ONLY_POSITIONAL_EVIDENCE"
"SRR7910035.13896760","M",NA,NA,NA,"R1_ONLY_POSITIONAL_EVIDENCE","NO_POSITIONAL_EVIDENCE"
"SRR7910035.1393131","M",NA,"L",NA,"R1_ONLY_POSITIONAL_EVIDENCE","R1_ONLY_POSITIONAL_EVIDENCE"
"SRR7910035.13962067",NA,"M",NA,"L","R2_ONLY_POSITIONAL_EVIDENCE","R2_ONLY_POSITIONAL_EVIDENCE"
"SRR7910035.13976156",NA,"M",NA,"L","R2_ONLY_POSITIONAL_EVIDENCE","R2_ONLY_POSITIONAL_EVIDENCE"
"SRR7910035.1398154","M",NA,NA,NA,"R1_ONLY_POSITIONAL_EVIDENCE","NO_POSITIONAL_EVIDENCE"
"SRR7910035.14070279",NA,NA,"L",NA,"NO_POSITIONAL_EVIDENCE","R1_ONLY_POSITIONAL_EVIDENCE"
"SRR7910035.14262666","M",NA,NA,NA,"R1_ONLY_POSITIONAL_EVIDENCE","NO_POSITIONAL_EVIDENCE"
"SRR7910035.14324420","M",NA,NA,NA,"R1_ONLY_POSITIONAL_EVIDENCE","NO_POSITIONAL_EVIDENCE"
"SRR7910035.14359903",NA,"M",NA,"L","R2_ONLY_POSITIONAL_EVIDENCE","R2_ONLY_POSITIONAL_EVIDENCE"
"SRR7910035.14534028","M",NA,NA,NA,"R1_ONLY_POSITIONAL_EVIDENCE","NO_POSITIONAL_EVIDENCE"
"SRR7910035.14689968",NA,NA,NA,"L","NO_POSITIONAL_EVIDENCE","R2_ONLY_POSITIONAL_EVIDENCE"
"SRR7910035.147446",NA,NA,"L",NA,"NO_POSITIONAL_EVIDENCE","R1_ONLY_POSITIONAL_EVIDENCE"
"SRR7910035.14892644","M",NA,"L",NA,"R1_ONLY_POSITIONAL_EVIDENCE","R1_ONLY_POSITIONAL_EVIDENCE"
"SRR7910035.15071523",NA,"M",NA,"L","R2_ONLY_POSITIONAL_EVIDENCE","R2_ONLY_POSITIONAL_EVIDENCE"
"SRR7910035.15128896",NA,NA,NA,"L","NO_POSITIONAL_EVIDENCE","R2_ONLY_POSITIONAL_EVIDENCE"
"SRR7910035.15159401",NA,"M",NA,NA,"R2_ONLY_POSITIONAL_EVIDENCE","NO_POSITIONAL_EVIDENCE"
"SRR7910035.15198604",NA,NA,NA,"L","NO_POSITIONAL_EVIDENCE","R2_ONLY_POSITIONAL_EVIDENCE"
"SRR7910035.1525954","M",NA,NA,NA,"R1_ONLY_POSITIONAL_EVIDENCE","NO_POSITIONAL_EVIDENCE"
"SRR7910035.15282625","M",NA,NA,NA,"R1_ONLY_POSITIONAL_EVIDENCE","NO_POSITIONAL_EVIDENCE"
"SRR7910035.15288858","M",NA,NA,NA,"R1_ONLY_POSITIONAL_EVIDENCE","NO_POSITIONAL_EVIDENCE"
"SRR7910035.15399173",NA,"M","L",NA,"R2_ONLY_POSITIONAL_EVIDENCE","R1_ONLY_POSITIONAL_EVIDENCE"
"SRR7910035.15436236",NA,"M",NA,NA,"R2_ONLY_POSITIONAL_EVIDENCE","NO_POSITIONAL_EVIDENCE"
"SRR7910035.15436240",NA,"I",NA,NA,"R2_ONLY_POSITIONAL_EVIDENCE","NO_POSITIONAL_EVIDENCE"
"SRR7910035.15532717","M",NA,"L",NA,"R1_ONLY_POSITIONAL_EVIDENCE","R1_ONLY_POSITIONAL_EVIDENCE"
"SRR7910035.15613945","M",NA,NA,NA,"R1_ONLY_POSITIONAL_EVIDENCE","NO_POSITIONAL_EVIDENCE"
"SRR7910035.15872796",NA,"M",NA,NA,"R2_ONLY_POSITIONAL_EVIDENCE","NO_POSITIONAL_EVIDENCE"
"SRR7910035.15908950","M","M",NA,"L","BOTH_MATES_CONCORDANT","R2_ONLY_POSITIONAL_EVIDENCE"
"SRR7910035.15931871","M",NA,NA,NA,"R1_ONLY_POSITIONAL_EVIDENCE","NO_POSITIONAL_EVIDENCE"
"SRR7910035.16091880","M",NA,NA,NA,"R1_ONLY_POSITIONAL_EVIDENCE","NO_POSITIONAL_EVIDENCE"
"SRR7910035.16198407",NA,NA,NA,"L","NO_POSITIONAL_EVIDENCE","R2_ONLY_POSITIONAL_EVIDENCE"
"SRR7910035.16416964",NA,NA,"L",NA,"NO_POSITIONAL_EVIDENCE","R1_ONLY_POSITIONAL_EVIDENCE"
"SRR7910035.16467434",NA,NA,"L",NA,"NO_POSITIONAL_EVIDENCE","R1_ONLY_POSITIONAL_EVIDENCE"
"SRR7910035.1664376","M","R","L",NA,"BOTH_MATES_DISCORDANT","R1_ONLY_POSITIONAL_EVIDENCE"
"SRR7910035.16745011","M",NA,"L",NA,"R1_ONLY_POSITIONAL_EVIDENCE","R1_ONLY_POSITIONAL_EVIDENCE"
"SRR7910035.16958401",NA,NA,NA,"L","NO_POSITIONAL_EVIDENCE","R2_ONLY_POSITIONAL_EVIDENCE"
"SRR7910035.17001583",NA,NA,"L",NA,"NO_POSITIONAL_EVIDENCE","R1_ONLY_POSITIONAL_EVIDENCE"
"SRR7910035.17032515",NA,NA,NA,"L","NO_POSITIONAL_EVIDENCE","R2_ONLY_POSITIONAL_EVIDENCE"
"SRR7910035.17059424",NA,"M","L","L","R2_ONLY_POSITIONAL_EVIDENCE","BOTH_MATES_CONCORDANT"
"SRR7910035.17231508","M",NA,"L",NA,"R1_ONLY_POSITIONAL_EVIDENCE","R1_ONLY_POSITIONAL_EVIDENCE"
"SRR7910035.17330545","M",NA,NA,NA,"R1_ONLY_POSITIONAL_EVIDENCE","NO_POSITIONAL_EVIDENCE"
"SRR7910035.17344","M",NA,"L",NA,"R1_ONLY_POSITIONAL_EVIDENCE","R1_ONLY_POSITIONAL_EVIDENCE"
"SRR7910035.1735317",NA,NA,"L",NA,"NO_POSITIONAL_EVIDENCE","R1_ONLY_POSITIONAL_EVIDENCE"
"SRR7910035.17387016","M",NA,NA,NA,"R1_ONLY_POSITIONAL_EVIDENCE","NO_POSITIONAL_EVIDENCE"
"SRR7910035.17428151","M",NA,NA,NA,"R1_ONLY_POSITIONAL_EVIDENCE","NO_POSITIONAL_EVIDENCE"
"SRR7910035.17454787",NA,NA,"L",NA,"NO_POSITIONAL_EVIDENCE","R1_ONLY_POSITIONAL_EVIDENCE"
"SRR7910035.17724243","M","M",NA,NA,"BOTH_MATES_CONCORDANT","NO_POSITIONAL_EVIDENCE"
"SRR7910035.17795637",NA,"M",NA,NA,"R2_ONLY_POSITIONAL_EVIDENCE","NO_POSITIONAL_EVIDENCE"
"SRR7910035.17808398",NA,NA,"L",NA,"NO_POSITIONAL_EVIDENCE","R1_ONLY_POSITIONAL_EVIDENCE"
"SRR7910035.17913855",NA,"M",NA,"L","R2_ONLY_POSITIONAL_EVIDENCE","R2_ONLY_POSITIONAL_EVIDENCE"
"SRR7910035.18061279",NA,"M",NA,NA,"R2_ONLY_POSITIONAL_EVIDENCE","NO_POSITIONAL_EVIDENCE"
"SRR7910035.18107349",NA,NA,NA,"L","NO_POSITIONAL_EVIDENCE","R2_ONLY_POSITIONAL_EVIDENCE"
"SRR7910035.18202494",NA,NA,"L",NA,"NO_POSITIONAL_EVIDENCE","R1_ONLY_POSITIONAL_EVIDENCE"
"SRR7910035.18361746",NA,"M","L",NA,"R2_ONLY_POSITIONAL_EVIDENCE","R1_ONLY_POSITIONAL_EVIDENCE"
"SRR7910035.18489203","M",NA,"L","L","R1_ONLY_POSITIONAL_EVIDENCE","BOTH_MATES_CONCORDANT"
"SRR7910035.18589334",NA,NA,NA,"L","NO_POSITIONAL_EVIDENCE","R2_ONLY_POSITIONAL_EVIDENCE"
"SRR7910035.18638937",NA,NA,NA,"L","NO_POSITIONAL_EVIDENCE","R2_ONLY_POSITIONAL_EVIDENCE"
"SRR7910035.1867219",NA,NA,"L",NA,"NO_POSITIONAL_EVIDENCE","R1_ONLY_POSITIONAL_EVIDENCE"
"SRR7910035.18734778",NA,"M",NA,NA,"R2_ONLY_POSITIONAL_EVIDENCE","NO_POSITIONAL_EVIDENCE"
"SRR7910035.18775494",NA,NA,NA,"L","NO_POSITIONAL_EVIDENCE","R2_ONLY_POSITIONAL_EVIDENCE"
"SRR7910035.18798324","M","M","L","L","BOTH_MATES_CONCORDANT","BOTH_MATES_CONCORDANT"
"SRR7910035.18831379","M",NA,"L",NA,"R1_ONLY_POSITIONAL_EVIDENCE","R1_ONLY_POSITIONAL_EVIDENCE"
"SRR7910035.18895161",NA,NA,"L",NA,"NO_POSITIONAL_EVIDENCE","R1_ONLY_POSITIONAL_EVIDENCE"
"SRR7910035.18966678","M",NA,NA,NA,"R1_ONLY_POSITIONAL_EVIDENCE","NO_POSITIONAL_EVIDENCE"
"SRR7910035.18981515","M",NA,"L",NA,"R1_ONLY_POSITIONAL_EVIDENCE","R1_ONLY_POSITIONAL_EVIDENCE"
"SRR7910035.1899566","M","M",NA,NA,"BOTH_MATES_CONCORDANT","NO_POSITIONAL_EVIDENCE"
"SRR7910035.1910326",NA,"M",NA,NA,"R2_ONLY_POSITIONAL_EVIDENCE","NO_POSITIONAL_EVIDENCE"
"SRR7910035.19221897","M",NA,"L",NA,"R1_ONLY_POSITIONAL_EVIDENCE","R1_ONLY_POSITIONAL_EVIDENCE"
"SRR7910035.19268122","M",NA,NA,NA,"R1_ONLY_POSITIONAL_EVIDENCE","NO_POSITIONAL_EVIDENCE"
"SRR7910035.19343574","M",NA,NA,NA,"R1_ONLY_POSITIONAL_EVIDENCE","NO_POSITIONAL_EVIDENCE"
"SRR7910035.19375856",NA,"M","L","L","R2_ONLY_POSITIONAL_EVIDENCE","BOTH_MATES_CONCORDANT"
"SRR7910035.19405601","M",NA,NA,NA,"R1_ONLY_POSITIONAL_EVIDENCE","NO_POSITIONAL_EVIDENCE"
"SRR7910035.19523832",NA,NA,NA,"L","NO_POSITIONAL_EVIDENCE","R2_ONLY_POSITIONAL_EVIDENCE"
"SRR7910035.195471",NA,NA,"Q",NA,"NO_POSITIONAL_EVIDENCE","R1_ONLY_POSITIONAL_EVIDENCE"
"SRR7910035.1964432",NA,"M","L",NA,"R2_ONLY_POSITIONAL_EVIDENCE","R1_ONLY_POSITIONAL_EVIDENCE"
"SRR7910035.1970792",NA,"M","L",NA,"R2_ONLY_POSITIONAL_EVIDENCE","R1_ONLY_POSITIONAL_EVIDENCE"
"SRR7910035.19788808",NA,NA,"L","L","NO_POSITIONAL_EVIDENCE","BOTH_MATES_CONCORDANT"
"SRR7910035.19802578","M",NA,"L",NA,"R1_ONLY_POSITIONAL_EVIDENCE","R1_ONLY_POSITIONAL_EVIDENCE"
"SRR7910035.19812371","M",NA,NA,NA,"R1_ONLY_POSITIONAL_EVIDENCE","NO_POSITIONAL_EVIDENCE"
"SRR7910035.19884767",NA,"M",NA,NA,"R2_ONLY_POSITIONAL_EVIDENCE","NO_POSITIONAL_EVIDENCE"
"SRR7910035.19917815",NA,NA,NA,"L","NO_POSITIONAL_EVIDENCE","R2_ONLY_POSITIONAL_EVIDENCE"
"SRR7910035.19946084","M",NA,NA,NA,"R1_ONLY_POSITIONAL_EVIDENCE","NO_POSITIONAL_EVIDENCE"
"SRR7910035.19998291",NA,"M",NA,NA,"R2_ONLY_POSITIONAL_EVIDENCE","NO_POSITIONAL_EVIDENCE"
"SRR7910035.20097419","M",NA,NA,NA,"R1_ONLY_POSITIONAL_EVIDENCE","NO_POSITIONAL_EVIDENCE"
"SRR7910035.20172622",NA,"M",NA,"L","R2_ONLY_POSITIONAL_EVIDENCE","R2_ONLY_POSITIONAL_EVIDENCE"
"SRR7910035.20213117",NA,"M","L","L","R2_ONLY_POSITIONAL_EVIDENCE","BOTH_MATES_CONCORDANT"
"SRR7910035.20231549",NA,NA,NA,"L","NO_POSITIONAL_EVIDENCE","R2_ONLY_POSITIONAL_EVIDENCE"
"SRR7910035.20324578","M",NA,NA,NA,"R1_ONLY_POSITIONAL_EVIDENCE","NO_POSITIONAL_EVIDENCE"
"SRR7910035.20345424",NA,"M","L","L","R2_ONLY_POSITIONAL_EVIDENCE","BOTH_MATES_CONCORDANT"
"SRR7910035.20432312","M",NA,NA,NA,"R1_ONLY_POSITIONAL_EVIDENCE","NO_POSITIONAL_EVIDENCE"
"SRR7910035.20447909","M","M","L",NA,"BOTH_MATES_CONCORDANT","R1_ONLY_POSITIONAL_EVIDENCE"
"SRR7910035.20470504",NA,"M","L","L","R2_ONLY_POSITIONAL_EVIDENCE","BOTH_MATES_CONCORDANT"
"SRR7910035.2051268",NA,NA,"L",NA,"NO_POSITIONAL_EVIDENCE","R1_ONLY_POSITIONAL_EVIDENCE"
"SRR7910035.20650752","M",NA,NA,NA,"R1_ONLY_POSITIONAL_EVIDENCE","NO_POSITIONAL_EVIDENCE"
"SRR7910035.20743909","M","M","L",NA,"BOTH_MATES_CONCORDANT","R1_ONLY_POSITIONAL_EVIDENCE"
"SRR7910035.20794228","M",NA,NA,NA,"R1_ONLY_POSITIONAL_EVIDENCE","NO_POSITIONAL_EVIDENCE"
"SRR7910035.20916385",NA,NA,NA,"L","NO_POSITIONAL_EVIDENCE","R2_ONLY_POSITIONAL_EVIDENCE"
"SRR7910035.21050663","M",NA,"L",NA,"R1_ONLY_POSITIONAL_EVIDENCE","R1_ONLY_POSITIONAL_EVIDENCE"
"SRR7910035.21101860",NA,NA,NA,"L","NO_POSITIONAL_EVIDENCE","R2_ONLY_POSITIONAL_EVIDENCE"
"SRR7910035.21240730","M",NA,NA,NA,"R1_ONLY_POSITIONAL_EVIDENCE","NO_POSITIONAL_EVIDENCE"
"SRR7910035.21299","M",NA,NA,NA,"R1_ONLY_POSITIONAL_EVIDENCE","NO_POSITIONAL_EVIDENCE"
"SRR7910035.21476","M",NA,NA,NA,"R1_ONLY_POSITIONAL_EVIDENCE","NO_POSITIONAL_EVIDENCE"
"SRR7910035.21499534",NA,NA,NA,"L","NO_POSITIONAL_EVIDENCE","R2_ONLY_POSITIONAL_EVIDENCE"
"SRR7910035.21584664",NA,"R","L",NA,"R2_ONLY_POSITIONAL_EVIDENCE","R1_ONLY_POSITIONAL_EVIDENCE"
"SRR7910035.21792730","M","M",NA,NA,"BOTH_MATES_CONCORDANT","NO_POSITIONAL_EVIDENCE"
"SRR7910035.21996863","M",NA,"L",NA,"R1_ONLY_POSITIONAL_EVIDENCE","R1_ONLY_POSITIONAL_EVIDENCE"
"SRR7910035.22031288",NA,"M",NA,NA,"R2_ONLY_POSITIONAL_EVIDENCE","NO_POSITIONAL_EVIDENCE"
"SRR7910035.22034836","M","M","L",NA,"BOTH_MATES_CONCORDANT","R1_ONLY_POSITIONAL_EVIDENCE"
"SRR7910035.22112914",NA,"TRUE","L",NA,"R2_ONLY_POSITIONAL_EVIDENCE","R1_ONLY_POSITIONAL_EVIDENCE"
"SRR7910035.22196208","M",NA,NA,NA,"R1_ONLY_POSITIONAL_EVIDENCE","NO_POSITIONAL_EVIDENCE"
"SRR7910035.22196704",NA,"M",NA,"L","R2_ONLY_POSITIONAL_EVIDENCE","R2_ONLY_POSITIONAL_EVIDENCE"
"SRR7910035.22207389",NA,"M","L",NA,"R2_ONLY_POSITIONAL_EVIDENCE","R1_ONLY_POSITIONAL_EVIDENCE"
"SRR7910035.22258985","K",NA,"L",NA,"R1_ONLY_POSITIONAL_EVIDENCE","R1_ONLY_POSITIONAL_EVIDENCE"
"SRR7910035.22286431","M",NA,"L",NA,"R1_ONLY_POSITIONAL_EVIDENCE","R1_ONLY_POSITIONAL_EVIDENCE"
"SRR7910035.22327760",NA,NA,NA,"L","NO_POSITIONAL_EVIDENCE","R2_ONLY_POSITIONAL_EVIDENCE"
"SRR7910035.22529999",NA,"M",NA,NA,"R2_ONLY_POSITIONAL_EVIDENCE","NO_POSITIONAL_EVIDENCE"
"SRR7910035.22573712","M",NA,NA,NA,"R1_ONLY_POSITIONAL_EVIDENCE","NO_POSITIONAL_EVIDENCE"
"SRR7910035.22620213",NA,"R",NA,NA,"R2_ONLY_POSITIONAL_EVIDENCE","NO_POSITIONAL_EVIDENCE"
"SRR7910035.22647604",NA,"M",NA,"L","R2_ONLY_POSITIONAL_EVIDENCE","R2_ONLY_POSITIONAL_EVIDENCE"
"SRR7910035.2267154",NA,NA,"L",NA,"NO_POSITIONAL_EVIDENCE","R1_ONLY_POSITIONAL_EVIDENCE"
"SRR7910035.22694062","M","M","L",NA,"BOTH_MATES_CONCORDANT","R1_ONLY_POSITIONAL_EVIDENCE"
"SRR7910035.22701722","M",NA,NA,NA,"R1_ONLY_POSITIONAL_EVIDENCE","NO_POSITIONAL_EVIDENCE"
"SRR7910035.22805323","M",NA,"L",NA,"R1_ONLY_POSITIONAL_EVIDENCE","R1_ONLY_POSITIONAL_EVIDENCE"
"SRR7910035.2284802",NA,"M",NA,NA,"R2_ONLY_POSITIONAL_EVIDENCE","NO_POSITIONAL_EVIDENCE"
"SRR7910035.22867347",NA,NA,NA,"L","NO_POSITIONAL_EVIDENCE","R2_ONLY_POSITIONAL_EVIDENCE"
"SRR7910035.23078712",NA,"M",NA,NA,"R2_ONLY_POSITIONAL_EVIDENCE","NO_POSITIONAL_EVIDENCE"
"SRR7910035.23248866","M","M",NA,"L","BOTH_MATES_CONCORDANT","R2_ONLY_POSITIONAL_EVIDENCE"
"SRR7910035.23299247",NA,NA,NA,"L","NO_POSITIONAL_EVIDENCE","R2_ONLY_POSITIONAL_EVIDENCE"
"SRR7910035.23341845","M","M","L",NA,"BOTH_MATES_CONCORDANT","R1_ONLY_POSITIONAL_EVIDENCE"
"SRR7910035.23444484",NA,"L","L",NA,"R2_ONLY_POSITIONAL_EVIDENCE","R1_ONLY_POSITIONAL_EVIDENCE"
"SRR7910035.23521289",NA,"M",NA,NA,"R2_ONLY_POSITIONAL_EVIDENCE","NO_POSITIONAL_EVIDENCE"
"SRR7910035.23542305","M","M",NA,NA,"BOTH_MATES_CONCORDANT","NO_POSITIONAL_EVIDENCE"
"SRR7910035.23576780","M",NA,NA,NA,"R1_ONLY_POSITIONAL_EVIDENCE","NO_POSITIONAL_EVIDENCE"
"SRR7910035.23601954",NA,NA,"L",NA,"NO_POSITIONAL_EVIDENCE","R1_ONLY_POSITIONAL_EVIDENCE"
"SRR7910035.23672256","M",NA,NA,NA,"R1_ONLY_POSITIONAL_EVIDENCE","NO_POSITIONAL_EVIDENCE"
"SRR7910035.23850196",NA,NA,NA,"L","NO_POSITIONAL_EVIDENCE","R2_ONLY_POSITIONAL_EVIDENCE"
"SRR7910035.23922207",NA,NA,"L",NA,"NO_POSITIONAL_EVIDENCE","R1_ONLY_POSITIONAL_EVIDENCE"
"SRR7910035.24004477","M",NA,NA,NA,"R1_ONLY_POSITIONAL_EVIDENCE","NO_POSITIONAL_EVIDENCE"
"SRR7910035.24132575",NA,NA,NA,"L","NO_POSITIONAL_EVIDENCE","R2_ONLY_POSITIONAL_EVIDENCE"
"SRR7910035.24151743","M",NA,NA,NA,"R1_ONLY_POSITIONAL_EVIDENCE","NO_POSITIONAL_EVIDENCE"
"SRR7910035.24197645",NA,"M","L",NA,"R2_ONLY_POSITIONAL_EVIDENCE","R1_ONLY_POSITIONAL_EVIDENCE"
"SRR7910035.24449725",NA,NA,NA,"L","NO_POSITIONAL_EVIDENCE","R2_ONLY_POSITIONAL_EVIDENCE"
"SRR7910035.24517294","M",NA,NA,NA,"R1_ONLY_POSITIONAL_EVIDENCE","NO_POSITIONAL_EVIDENCE"
"SRR7910035.24588960",NA,"M",NA,NA,"R2_ONLY_POSITIONAL_EVIDENCE","NO_POSITIONAL_EVIDENCE"
"SRR7910035.24638700","M",NA,"L",NA,"R1_ONLY_POSITIONAL_EVIDENCE","R1_ONLY_POSITIONAL_EVIDENCE"
"SRR7910035.24648021","M",NA,NA,NA,"R1_ONLY_POSITIONAL_EVIDENCE","NO_POSITIONAL_EVIDENCE"
"SRR7910035.24667996",NA,NA,NA,"L","NO_POSITIONAL_EVIDENCE","R2_ONLY_POSITIONAL_EVIDENCE"
"SRR7910035.24669349","M",NA,NA,NA,"R1_ONLY_POSITIONAL_EVIDENCE","NO_POSITIONAL_EVIDENCE"
"SRR7910035.24697138",NA,"M","L",NA,"R2_ONLY_POSITIONAL_EVIDENCE","R1_ONLY_POSITIONAL_EVIDENCE"
"SRR7910035.24749341",NA,NA,NA,"L","NO_POSITIONAL_EVIDENCE","R2_ONLY_POSITIONAL_EVIDENCE"
"SRR7910035.24781886",NA,NA,NA,"L","NO_POSITIONAL_EVIDENCE","R2_ONLY_POSITIONAL_EVIDENCE"
"SRR7910035.25079752","M","K","L",NA,"BOTH_MATES_DISCORDANT","R1_ONLY_POSITIONAL_EVIDENCE"
"SRR7910035.25095575","M",NA,"L",NA,"R1_ONLY_POSITIONAL_EVIDENCE","R1_ONLY_POSITIONAL_EVIDENCE"
"SRR7910035.25155237",NA,"M",NA,"L","R2_ONLY_POSITIONAL_EVIDENCE","R2_ONLY_POSITIONAL_EVIDENCE"
"SRR7910035.25422534",NA,NA,NA,"L","NO_POSITIONAL_EVIDENCE","R2_ONLY_POSITIONAL_EVIDENCE"
"SRR7910035.25528252","M",NA,NA,NA,"R1_ONLY_POSITIONAL_EVIDENCE","NO_POSITIONAL_EVIDENCE"
"SRR7910035.25858400",NA,"M",NA,NA,"R2_ONLY_POSITIONAL_EVIDENCE","NO_POSITIONAL_EVIDENCE"
"SRR7910035.25866304","M","M",NA,NA,"BOTH_MATES_CONCORDANT","NO_POSITIONAL_EVIDENCE"
"SRR7910035.25924187",NA,"M",NA,"L","R2_ONLY_POSITIONAL_EVIDENCE","R2_ONLY_POSITIONAL_EVIDENCE"
"SRR7910035.25938519",NA,"M","L",NA,"R2_ONLY_POSITIONAL_EVIDENCE","R1_ONLY_POSITIONAL_EVIDENCE"
"SRR7910035.25952944",NA,NA,NA,"P","NO_POSITIONAL_EVIDENCE","R2_ONLY_POSITIONAL_EVIDENCE"
"SRR7910035.25975256","M",NA,NA,"L","R1_ONLY_POSITIONAL_EVIDENCE","R2_ONLY_POSITIONAL_EVIDENCE"
"SRR7910035.25988092",NA,NA,"L",NA,"NO_POSITIONAL_EVIDENCE","R1_ONLY_POSITIONAL_EVIDENCE"
"SRR7910035.26049735","M",NA,NA,NA,"R1_ONLY_POSITIONAL_EVIDENCE","NO_POSITIONAL_EVIDENCE"
"SRR7910035.26154456",NA,NA,NA,"L","NO_POSITIONAL_EVIDENCE","R2_ONLY_POSITIONAL_EVIDENCE"
"SRR7910035.26225747",NA,"M",NA,"L","R2_ONLY_POSITIONAL_EVIDENCE","R2_ONLY_POSITIONAL_EVIDENCE"
"SRR7910035.26271592",NA,"M",NA,NA,"R2_ONLY_POSITIONAL_EVIDENCE","NO_POSITIONAL_EVIDENCE"
"SRR7910035.26336634","M",NA,"L",NA,"R1_ONLY_POSITIONAL_EVIDENCE","R1_ONLY_POSITIONAL_EVIDENCE"
"SRR7910035.26367709","M",NA,NA,NA,"R1_ONLY_POSITIONAL_EVIDENCE","NO_POSITIONAL_EVIDENCE"
"SRR7910035.26633647","M",NA,NA,NA,"R1_ONLY_POSITIONAL_EVIDENCE","NO_POSITIONAL_EVIDENCE"
"SRR7910035.26737738",NA,"M",NA,NA,"R2_ONLY_POSITIONAL_EVIDENCE","NO_POSITIONAL_EVIDENCE"
"SRR7910035.26997308","M","S","L",NA,"BOTH_MATES_DISCORDANT","R1_ONLY_POSITIONAL_EVIDENCE"
"SRR7910035.27073823",NA,NA,NA,"L","NO_POSITIONAL_EVIDENCE","R2_ONLY_POSITIONAL_EVIDENCE"
"SRR7910035.27146855","M",NA,NA,NA,"R1_ONLY_POSITIONAL_EVIDENCE","NO_POSITIONAL_EVIDENCE"
"SRR7910035.27323672","M",NA,"L","L","R1_ONLY_POSITIONAL_EVIDENCE","BOTH_MATES_CONCORDANT"
"SRR7910035.2734458",NA,NA,NA,"L","NO_POSITIONAL_EVIDENCE","R2_ONLY_POSITIONAL_EVIDENCE"
"SRR7910035.27365040",NA,"M","L",NA,"R2_ONLY_POSITIONAL_EVIDENCE","R1_ONLY_POSITIONAL_EVIDENCE"
"SRR7910035.27458563",NA,"W","L",NA,"R2_ONLY_POSITIONAL_EVIDENCE","R1_ONLY_POSITIONAL_EVIDENCE"
"SRR7910035.27586962",NA,NA,"L",NA,"NO_POSITIONAL_EVIDENCE","R1_ONLY_POSITIONAL_EVIDENCE"
"SRR7910035.27798893",NA,NA,NA,"L","NO_POSITIONAL_EVIDENCE","R2_ONLY_POSITIONAL_EVIDENCE"
"SRR7910035.27920463",NA,"M","L",NA,"R2_ONLY_POSITIONAL_EVIDENCE","R1_ONLY_POSITIONAL_EVIDENCE"
"SRR7910035.28085684","L",NA,NA,NA,"R1_ONLY_POSITIONAL_EVIDENCE","NO_POSITIONAL_EVIDENCE"
"SRR7910035.28124741",NA,"M",NA,NA,"R2_ONLY_POSITIONAL_EVIDENCE","NO_POSITIONAL_EVIDENCE"
"SRR7910035.28164770",NA,NA,NA,"L","NO_POSITIONAL_EVIDENCE","R2_ONLY_POSITIONAL_EVIDENCE"
"SRR7910035.28299687",NA,"M",NA,"L","R2_ONLY_POSITIONAL_EVIDENCE","R2_ONLY_POSITIONAL_EVIDENCE"
"SRR7910035.2842005","M",NA,NA,NA,"R1_ONLY_POSITIONAL_EVIDENCE","NO_POSITIONAL_EVIDENCE"
"SRR7910035.2951747",NA,NA,NA,"L","NO_POSITIONAL_EVIDENCE","R2_ONLY_POSITIONAL_EVIDENCE"
"SRR7910035.2962566","M",NA,NA,NA,"R1_ONLY_POSITIONAL_EVIDENCE","NO_POSITIONAL_EVIDENCE"
"SRR7910035.3137724","M","M","L",NA,"BOTH_MATES_CONCORDANT","R1_ONLY_POSITIONAL_EVIDENCE"
"SRR7910035.3230482",NA,"M",NA,NA,"R2_ONLY_POSITIONAL_EVIDENCE","NO_POSITIONAL_EVIDENCE"
"SRR7910035.3256620",NA,"M",NA,NA,"R2_ONLY_POSITIONAL_EVIDENCE","NO_POSITIONAL_EVIDENCE"
"SRR7910035.3257353","M",NA,NA,NA,"R1_ONLY_POSITIONAL_EVIDENCE","NO_POSITIONAL_EVIDENCE"
"SRR7910035.3323693","M",NA,NA,NA,"R1_ONLY_POSITIONAL_EVIDENCE","NO_POSITIONAL_EVIDENCE"
"SRR7910035.3347176",NA,"M","L",NA,"R2_ONLY_POSITIONAL_EVIDENCE","R1_ONLY_POSITIONAL_EVIDENCE"
"SRR7910035.3359319",NA,"M","L","L","R2_ONLY_POSITIONAL_EVIDENCE","BOTH_MATES_CONCORDANT"
"SRR7910035.3381514","M","M","L",NA,"BOTH_MATES_CONCORDANT","R1_ONLY_POSITIONAL_EVIDENCE"
"SRR7910035.3393357","M",NA,NA,NA,"R1_ONLY_POSITIONAL_EVIDENCE","NO_POSITIONAL_EVIDENCE"
"SRR7910035.3433064",NA,NA,NA,"L","NO_POSITIONAL_EVIDENCE","R2_ONLY_POSITIONAL_EVIDENCE"
"SRR7910035.3469820","M",NA,NA,NA,"R1_ONLY_POSITIONAL_EVIDENCE","NO_POSITIONAL_EVIDENCE"
"SRR7910035.3507731",NA,NA,"L",NA,"NO_POSITIONAL_EVIDENCE","R1_ONLY_POSITIONAL_EVIDENCE"
"SRR7910035.3522774",NA,"M","L",NA,"R2_ONLY_POSITIONAL_EVIDENCE","R1_ONLY_POSITIONAL_EVIDENCE"
"SRR7910035.3646190",NA,NA,NA,"L","NO_POSITIONAL_EVIDENCE","R2_ONLY_POSITIONAL_EVIDENCE"
"SRR7910035.3878593",NA,"M",NA,NA,"R2_ONLY_POSITIONAL_EVIDENCE","NO_POSITIONAL_EVIDENCE"
"SRR7910035.3890424",NA,"M",NA,"L","R2_ONLY_POSITIONAL_EVIDENCE","R2_ONLY_POSITIONAL_EVIDENCE"
"SRR7910035.3927255",NA,NA,NA,"L","NO_POSITIONAL_EVIDENCE","R2_ONLY_POSITIONAL_EVIDENCE"
"SRR7910035.3994825",NA,NA,NA,"L","NO_POSITIONAL_EVIDENCE","R2_ONLY_POSITIONAL_EVIDENCE"
"SRR7910035.4055018",NA,"M",NA,"L","R2_ONLY_POSITIONAL_EVIDENCE","R2_ONLY_POSITIONAL_EVIDENCE"
"SRR7910035.4074527","M","M",NA,"L","BOTH_MATES_CONCORDANT","R2_ONLY_POSITIONAL_EVIDENCE"
"SRR7910035.4345970",NA,NA,NA,"L","NO_POSITIONAL_EVIDENCE","R2_ONLY_POSITIONAL_EVIDENCE"
"SRR7910035.4434249",NA,"M","L",NA,"R2_ONLY_POSITIONAL_EVIDENCE","R1_ONLY_POSITIONAL_EVIDENCE"
"SRR7910035.4557659",NA,NA,NA,"L","NO_POSITIONAL_EVIDENCE","R2_ONLY_POSITIONAL_EVIDENCE"
"SRR7910035.4631238","M","R","L",NA,"BOTH_MATES_DISCORDANT","R1_ONLY_POSITIONAL_EVIDENCE"
"SRR7910035.4689535",NA,NA,NA,"L","NO_POSITIONAL_EVIDENCE","R2_ONLY_POSITIONAL_EVIDENCE"
"SRR7910035.4848486",NA,"M",NA,"L","R2_ONLY_POSITIONAL_EVIDENCE","R2_ONLY_POSITIONAL_EVIDENCE"
"SRR7910035.4944279",NA,NA,NA,"L","NO_POSITIONAL_EVIDENCE","R2_ONLY_POSITIONAL_EVIDENCE"
"SRR7910035.4968023","M","M",NA,NA,"BOTH_MATES_CONCORDANT","NO_POSITIONAL_EVIDENCE"
"SRR7910035.5100764",NA,NA,NA,"L","NO_POSITIONAL_EVIDENCE","R2_ONLY_POSITIONAL_EVIDENCE"
"SRR7910035.522575","M","M","L","L","BOTH_MATES_CONCORDANT","BOTH_MATES_CONCORDANT"
"SRR7910035.5327292","M",NA,NA,NA,"R1_ONLY_POSITIONAL_EVIDENCE","NO_POSITIONAL_EVIDENCE"
"SRR7910035.5422771",NA,"M",NA,NA,"R2_ONLY_POSITIONAL_EVIDENCE","NO_POSITIONAL_EVIDENCE"
"SRR7910035.5506856",NA,NA,NA,"L","NO_POSITIONAL_EVIDENCE","R2_ONLY_POSITIONAL_EVIDENCE"
"SRR7910035.5566794",NA,"M","L","L","R2_ONLY_POSITIONAL_EVIDENCE","BOTH_MATES_CONCORDANT"
"SRR7910035.5634600",NA,NA,"L",NA,"NO_POSITIONAL_EVIDENCE","R1_ONLY_POSITIONAL_EVIDENCE"
"SRR7910035.5746393",NA,"M",NA,NA,"R2_ONLY_POSITIONAL_EVIDENCE","NO_POSITIONAL_EVIDENCE"
"SRR7910035.5772330",NA,"M",NA,NA,"R2_ONLY_POSITIONAL_EVIDENCE","NO_POSITIONAL_EVIDENCE"
"SRR7910035.5807432","M",NA,NA,NA,"R1_ONLY_POSITIONAL_EVIDENCE","NO_POSITIONAL_EVIDENCE"
"SRR7910035.584164","M",NA,"L",NA,"R1_ONLY_POSITIONAL_EVIDENCE","R1_ONLY_POSITIONAL_EVIDENCE"
"SRR7910035.5977918","M","M","L",NA,"BOTH_MATES_CONCORDANT","R1_ONLY_POSITIONAL_EVIDENCE"
"SRR7910035.6064732",NA,NA,"L",NA,"NO_POSITIONAL_EVIDENCE","R1_ONLY_POSITIONAL_EVIDENCE"
"SRR7910035.6073199",NA,"M",NA,"L","R2_ONLY_POSITIONAL_EVIDENCE","R2_ONLY_POSITIONAL_EVIDENCE"
"SRR7910035.6083625","M",NA,NA,"L","R1_ONLY_POSITIONAL_EVIDENCE","R2_ONLY_POSITIONAL_EVIDENCE"
"SRR7910035.621828",NA,"M","L",NA,"R2_ONLY_POSITIONAL_EVIDENCE","R1_ONLY_POSITIONAL_EVIDENCE"
"SRR7910035.6264068",NA,NA,"L",NA,"NO_POSITIONAL_EVIDENCE","R1_ONLY_POSITIONAL_EVIDENCE"
"SRR7910035.6310370",NA,NA,NA,"L","NO_POSITIONAL_EVIDENCE","R2_ONLY_POSITIONAL_EVIDENCE"
"SRR7910035.6537663",NA,"M",NA,NA,"R2_ONLY_POSITIONAL_EVIDENCE","NO_POSITIONAL_EVIDENCE"
"SRR7910035.6681693","M",NA,NA,NA,"R1_ONLY_POSITIONAL_EVIDENCE","NO_POSITIONAL_EVIDENCE"
"SRR7910035.6854255","M",NA,"L",NA,"R1_ONLY_POSITIONAL_EVIDENCE","R1_ONLY_POSITIONAL_EVIDENCE"
"SRR7910035.7242255","M",NA,"L",NA,"R1_ONLY_POSITIONAL_EVIDENCE","R1_ONLY_POSITIONAL_EVIDENCE"
"SRR7910035.7299495",NA,"M",NA,"L","R2_ONLY_POSITIONAL_EVIDENCE","R2_ONLY_POSITIONAL_EVIDENCE"
"SRR7910035.7307761","M",NA,NA,NA,"R1_ONLY_POSITIONAL_EVIDENCE","NO_POSITIONAL_EVIDENCE"
"SRR7910035.7427313",NA,"M","L","L","R2_ONLY_POSITIONAL_EVIDENCE","BOTH_MATES_CONCORDANT"
"SRR7910035.7435312","M",NA,"L","L","R1_ONLY_POSITIONAL_EVIDENCE","BOTH_MATES_CONCORDANT"
"SRR7910035.7477439",NA,NA,NA,"L","NO_POSITIONAL_EVIDENCE","R2_ONLY_POSITIONAL_EVIDENCE"
"SRR7910035.7524765",NA,NA,NA,"L","NO_POSITIONAL_EVIDENCE","R2_ONLY_POSITIONAL_EVIDENCE"
"SRR7910035.7758162",NA,"M","L",NA,"R2_ONLY_POSITIONAL_EVIDENCE","R1_ONLY_POSITIONAL_EVIDENCE"
"SRR7910035.7759304","M",NA,"L",NA,"R1_ONLY_POSITIONAL_EVIDENCE","R1_ONLY_POSITIONAL_EVIDENCE"
"SRR7910035.7766276","M","M","L",NA,"BOTH_MATES_CONCORDANT","R1_ONLY_POSITIONAL_EVIDENCE"
"SRR7910035.787247",NA,NA,NA,"L","NO_POSITIONAL_EVIDENCE","R2_ONLY_POSITIONAL_EVIDENCE"
"SRR7910035.7885261",NA,"M","L",NA,"R2_ONLY_POSITIONAL_EVIDENCE","R1_ONLY_POSITIONAL_EVIDENCE"
"SRR7910035.7896621",NA,NA,"L",NA,"NO_POSITIONAL_EVIDENCE","R1_ONLY_POSITIONAL_EVIDENCE"
"SRR7910035.7921789",NA,"M",NA,NA,"R2_ONLY_POSITIONAL_EVIDENCE","NO_POSITIONAL_EVIDENCE"
"SRR7910035.7934249",NA,NA,"L",NA,"NO_POSITIONAL_EVIDENCE","R1_ONLY_POSITIONAL_EVIDENCE"
"SRR7910035.7971912",NA,"M",NA,"L","R2_ONLY_POSITIONAL_EVIDENCE","R2_ONLY_POSITIONAL_EVIDENCE"
"SRR7910035.797336","R",NA,"L",NA,"R1_ONLY_POSITIONAL_EVIDENCE","R1_ONLY_POSITIONAL_EVIDENCE"
"SRR7910035.8044420",NA,"M",NA,NA,"R2_ONLY_POSITIONAL_EVIDENCE","NO_POSITIONAL_EVIDENCE"
"SRR7910035.8057985","M",NA,NA,NA,"R1_ONLY_POSITIONAL_EVIDENCE","NO_POSITIONAL_EVIDENCE"
"SRR7910035.8067988",NA,NA,NA,"L","NO_POSITIONAL_EVIDENCE","R2_ONLY_POSITIONAL_EVIDENCE"
"SRR7910035.8171228",NA,NA,NA,"L","NO_POSITIONAL_EVIDENCE","R2_ONLY_POSITIONAL_EVIDENCE"
"SRR7910035.8328050","M",NA,"L",NA,"R1_ONLY_POSITIONAL_EVIDENCE","R1_ONLY_POSITIONAL_EVIDENCE"
"SRR7910035.837090",NA,"M",NA,"L","R2_ONLY_POSITIONAL_EVIDENCE","R2_ONLY_POSITIONAL_EVIDENCE"
"SRR7910035.8376686",NA,NA,NA,"L","NO_POSITIONAL_EVIDENCE","R2_ONLY_POSITIONAL_EVIDENCE"
"SRR7910035.8548006",NA,NA,NA,"L","NO_POSITIONAL_EVIDENCE","R2_ONLY_POSITIONAL_EVIDENCE"
"SRR7910035.8584692","M",NA,NA,NA,"R1_ONLY_POSITIONAL_EVIDENCE","NO_POSITIONAL_EVIDENCE"
"SRR7910035.8621612",NA,"M",NA,NA,"R2_ONLY_POSITIONAL_EVIDENCE","NO_POSITIONAL_EVIDENCE"
"SRR7910035.8651673",NA,"M",NA,NA,"R2_ONLY_POSITIONAL_EVIDENCE","NO_POSITIONAL_EVIDENCE"
"SRR7910035.8729990",NA,NA,NA,"L","NO_POSITIONAL_EVIDENCE","R2_ONLY_POSITIONAL_EVIDENCE"
"SRR7910035.8732910","M",NA,"L",NA,"R1_ONLY_POSITIONAL_EVIDENCE","R1_ONLY_POSITIONAL_EVIDENCE"
"SRR7910035.8750465",NA,NA,"L",NA,"NO_POSITIONAL_EVIDENCE","R1_ONLY_POSITIONAL_EVIDENCE"
"SRR7910035.8828899","M",NA,NA,NA,"R1_ONLY_POSITIONAL_EVIDENCE","NO_POSITIONAL_EVIDENCE"
"SRR7910035.8901335",NA,NA,"L",NA,"NO_POSITIONAL_EVIDENCE","R1_ONLY_POSITIONAL_EVIDENCE"
"SRR7910035.8944822",NA,"M","L",NA,"R2_ONLY_POSITIONAL_EVIDENCE","R1_ONLY_POSITIONAL_EVIDENCE"
"SRR7910035.899114",NA,NA,"L","L","NO_POSITIONAL_EVIDENCE","BOTH_MATES_CONCORDANT"
"SRR7910035.904988","M","M","L","L","BOTH_MATES_CONCORDANT","BOTH_MATES_CONCORDANT"
"SRR7910035.9070609","M",NA,NA,"L","R1_ONLY_POSITIONAL_EVIDENCE","R2_ONLY_POSITIONAL_EVIDENCE"
"SRR7910035.9155800",NA,"M",NA,NA,"R2_ONLY_POSITIONAL_EVIDENCE","NO_POSITIONAL_EVIDENCE"
"SRR7910035.9264363",NA,"L","L",NA,"R2_ONLY_POSITIONAL_EVIDENCE","R1_ONLY_POSITIONAL_EVIDENCE"
"SRR7910035.9295551",NA,"M",NA,NA,"R2_ONLY_POSITIONAL_EVIDENCE","NO_POSITIONAL_EVIDENCE"
"SRR7910035.9414594","M",NA,"L",NA,"R1_ONLY_POSITIONAL_EVIDENCE","R1_ONLY_POSITIONAL_EVIDENCE"
"SRR7910035.9435505","M","M","L",NA,"BOTH_MATES_CONCORDANT","R1_ONLY_POSITIONAL_EVIDENCE"
"SRR7910035.9630155",NA,"M",NA,"L","R2_ONLY_POSITIONAL_EVIDENCE","R2_ONLY_POSITIONAL_EVIDENCE"
"SRR7910035.9756371",NA,NA,NA,"L","NO_POSITIONAL_EVIDENCE","R2_ONLY_POSITIONAL_EVIDENCE"
"SRR7910035.9811432","M",NA,NA,NA,"R1_ONLY_POSITIONAL_EVIDENCE","NO_POSITIONAL_EVIDENCE"
