"chunk_id","n_candidate_pairs","n_r1_candidate_pairs","n_r2_candidate_pairs","n_r1_candidate_pairs_with_r2_mate","n_r2_candidate_pairs_with_r1_mate","n_partner_validated_records","n_partner_validated_pairs"
1,3,3,0,3,0,0,0
2,2,2,0,2,0,0,0
3,0,0,0,0,0,0,0
4,0,0,0,0,0,0,0
5,0,0,0,0,0,0,0
6,2,2,1,2,1,4,1
7,1,1,0,1,0,1,1
8,2,1,1,1,1,0,0
9,2,1,2,1,2,2,1
10,1,1,1,1,1,4,1
11,0,0,0,0,0,0,0
12,1,0,1,0,1,0,0
13,0,0,0,0,0,0,0
14,2,2,0,2,0,0,0
15,0,0,0,0,0,0,0
16,1,1,0,1,0,0,0
17,1,1,0,1,0,1,1
18,1,1,0,1,0,0,0
19,2,2,1,2,1,2,1
20,3,2,3,2,3,4,2
21,1,1,0,1,0,0,0
22,0,0,0,0,0,0,0
23,2,1,1,1,1,0,0
24,0,0,0,0,0,0,0
25,0,0,0,0,0,0,0
26,0,0,0,0,0,0,0
27,0,0,0,0,0,0,0
28,1,0,1,0,1,0,0
29,1,1,0,1,0,0,0
30,2,1,1,1,1,0,0
31,0,0,0,0,0,0,0
32,1,1,1,1,1,3,1
33,3,1,2,1,2,0,0
34,5,5,3,5,3,8,3
35,2,1,1,1,1,0,0
36,2,2,1,2,1,2,1
37,1,0,1,0,1,0,0
38,0,0,0,0,0,0,0
39,2,0,2,0,2,0,0
40,2,0,2,0,2,0,0
41,2,1,2,1,2,3,1
42,0,0,0,0,0,0,0
43,0,0,0,0,0,0,0
44,1,0,1,0,1,0,0
45,1,1,1,1,1,2,1
46,1,0,1,0,1,0,0
47,2,1,1,1,1,1,1
48,0,0,0,0,0,0,0
49,1,0,1,0,1,0,0
50,2,1,2,1,2,2,1
51,0,0,0,0,0,0,0
52,1,0,1,0,1,0,0
53,0,0,0,0,0,0,0
54,1,1,0,1,0,0,0
55,1,0,1,0,1,0,0
56,2,1,2,1,2,3,1
57,1,1,0,1,0,0,0
58,2,0,2,0,2,0,0
59,1,1,0,1,0,0,0
60,1,1,1,1,1,3,1
61,3,1,2,1,2,1,1
62,0,0,0,0,0,0,0
63,1,1,0,1,0,0,0
64,1,0,1,0,1,0,0
65,0,0,0,0,0,0,0
66,1,0,1,0,1,0,0
67,1,1,0,1,0,0,0
68,0,0,0,0,0,0,0
69,1,1,0,1,0,0,0
70,0,0,0,0,0,0,0
71,0,0,0,0,0,0,0
72,0,0,0,0,0,0,0
73,2,1,1,1,1,0,0
74,1,1,0,1,0,0,0
75,3,2,3,2,3,6,2
76,1,0,1,0,1,0,0
77,0,0,0,0,0,0,0
78,3,3,2,3,2,5,2
79,2,2,0,2,0,1,1
80,3,1,2,1,2,0,0
81,3,1,2,1,2,0,0
82,1,0,1,0,1,0,0
83,0,0,0,0,0,0,0
84,2,1,1,1,1,0,0
85,0,0,0,0,0,0,0
86,2,1,1,1,1,0,0
87,2,0,2,0,2,0,0
88,3,2,1,2,1,0,0
89,1,1,0,1,0,0,0
90,2,2,0,2,0,1,1
91,1,1,1,1,1,2,1
92,1,0,1,0,1,0,0
93,2,1,1,1,1,1,1
94,0,0,0,0,0,0,0
95,2,2,1,2,1,3,1
96,0,0,0,0,0,0,0
97,1,0,1,0,1,0,0
98,1,0,1,0,1,0,0
99,1,1,0,1,0,0,0
100,0,0,0,0,0,0,0
101,0,0,0,0,0,0,0
102,0,0,0,0,0,0,0
103,0,0,0,0,0,0,0
104,1,0,1,0,1,0,0
105,4,2,2,2,2,0,0
106,1,1,1,1,1,3,1
107,0,0,0,0,0,0,0
108,0,0,0,0,0,0,0
109,1,1,1,1,1,3,1
110,2,2,0,2,0,1,1
111,3,2,2,2,2,2,1
112,5,3,3,3,3,2,1
113,3,3,2,3,2,5,2
114,1,1,1,1,1,2,1
115,1,1,0,1,0,0,0
116,2,1,2,1,2,3,1
117,1,0,1,0,1,0,0
118,0,0,0,0,0,0,0
119,1,0,1,0,1,0,0
120,1,1,0,1,0,0,0
121,1,1,0,1,0,0,0
122,1,0,1,0,1,0,0
123,1,1,0,1,0,0,0
124,1,1,0,1,0,1,1
125,1,0,1,0,1,0,0
126,2,2,0,2,0,0,0
127,1,0,1,0,1,0,0
128,1,1,0,1,0,0,0
129,3,1,3,1,3,4,1
130,2,1,2,1,2,3,1
131,1,1,1,1,1,2,1
132,2,2,0,2,0,0,0
133,1,0,1,0,1,0,0
134,1,1,0,1,0,0,0
135,0,0,0,0,0,0,0
136,1,0,1,0,1,0,0
137,1,0,1,0,1,0,0
138,2,1,1,1,1,0,0
139,2,1,1,1,1,0,0
140,2,0,2,0,2,0,0
141,1,1,0,1,0,0,0
142,0,0,0,0,0,0,0
143,1,1,0,1,0,0,0
144,2,1,1,1,1,0,0
145,0,0,0,0,0,0,0
146,1,1,0,1,0,0,0
147,1,0,1,0,1,0,0
148,0,0,0,0,0,0,0
149,1,1,0,1,0,0,0
150,0,0,0,0,0,0,0
151,1,0,1,0,1,0,0
152,3,0,3,0,3,0,0
153,2,2,0,2,0,0,0
154,1,1,1,1,1,2,1
155,2,0,2,0,2,0,0
156,1,1,0,1,0,0,0
157,1,1,0,1,0,0,0
158,0,0,0,0,0,0,0
159,1,0,1,0,1,0,0
160,2,2,1,2,1,3,1
161,1,1,0,1,0,0,0
162,1,0,1,0,1,0,0
163,0,0,0,0,0,0,0
164,0,0,0,0,0,0,0
165,2,2,0,2,0,0,0
166,0,0,0,0,0,0,0
167,0,0,0,0,0,0,0
168,1,1,0,1,0,0,0
169,0,0,0,0,0,0,0
170,1,0,1,0,1,0,0
171,3,2,2,2,2,3,1
172,0,0,0,0,0,0,0
173,1,1,0,1,0,0,0
174,2,2,0,2,0,0,0
175,2,2,0,2,0,0,0
176,0,0,0,0,0,0,0
177,0,0,0,0,0,0,0
178,2,1,2,1,2,2,1
179,1,1,0,1,0,0,0
180,1,0,1,0,1,0,0
181,1,0,1,0,1,0,0
182,1,0,1,0,1,0,0
183,1,1,0,1,0,0,0
184,1,1,1,1,1,2,1
185,1,1,1,1,1,3,1
186,1,0,1,0,1,0,0
187,1,0,1,0,1,0,0
188,3,1,3,1,3,4,1
189,2,2,0,2,0,0,0
190,2,2,0,2,0,0,0
191,0,0,0,0,0,0,0
192,0,0,0,0,0,0,0
193,2,2,0,2,0,0,0
194,2,2,1,2,1,3,1
195,1,1,0,1,0,0,0
196,1,0,1,0,1,0,0
197,0,0,0,0,0,0,0
198,1,0,1,0,1,1,1
199,3,2,1,2,1,0,0
200,3,1,2,1,2,0,0
201,1,1,0,1,0,0,0
202,1,0,1,0,1,0,0
203,2,1,2,1,2,3,1
204,2,2,1,2,1,3,1
205,3,3,1,3,1,4,2
206,0,0,0,0,0,0,0
207,1,1,0,1,0,0,0
208,2,2,1,2,1,3,1
209,0,0,0,0,0,0,0
210,1,0,1,0,1,0,0
211,1,1,0,1,0,0,0
212,1,0,1,0,1,0,0
213,1,1,0,1,0,0,0
214,0,0,0,0,0,0,0
215,1,0,1,0,1,0,0
216,1,1,0,1,0,1,1
217,0,0,0,0,0,0,0
218,1,1,1,1,1,2,1
219,0,0,0,0,0,0,0
220,1,1,0,1,0,0,0
221,2,1,2,1,2,3,1
222,3,2,1,2,1,1,1
223,3,3,0,3,0,1,1
224,1,0,1,0,1,0,0
225,0,0,0,0,0,0,0
226,2,1,1,1,1,0,0
227,3,1,3,1,3,3,1
228,1,1,0,1,0,0,0
229,2,1,1,1,1,0,0
230,0,0,0,0,0,0,0
231,1,0,1,0,1,0,0
232,0,0,0,0,0,0,0
233,2,1,2,1,2,3,1
234,1,1,1,1,1,3,1
235,1,1,0,1,0,1,1
236,3,2,2,2,2,2,1
237,2,2,0,2,0,0,0
238,0,0,0,0,0,0,0
239,1,0,1,0,1,0,0
240,1,1,0,1,0,0,0
241,1,1,0,1,0,0,0
242,3,2,2,2,2,2,1
243,0,0,0,0,0,0,0
244,0,0,0,0,0,0,0
245,1,0,1,0,1,0,0
246,2,1,1,1,1,0,0
247,5,4,2,4,2,2,1
248,2,0,2,0,2,0,0
249,0,0,0,0,0,0,0
250,0,0,0,0,0,0,0
251,2,2,0,2,0,1,1
252,1,0,1,0,1,0,0
253,0,0,0,0,0,0,0
254,0,0,0,0,0,0,0
255,1,0,1,0,1,0,0
256,1,1,0,1,0,0,0
257,0,0,0,0,0,0,0
258,0,0,0,0,0,0,0
259,2,1,2,1,2,2,1
260,5,3,3,3,3,3,2
261,1,1,0,1,0,0,0
262,1,0,1,0,1,0,0
263,2,0,2,0,2,0,0
264,2,2,0,2,0,0,0
265,0,0,0,0,0,0,0
266,0,0,0,0,0,0,0
267,1,1,0,1,0,0,0
268,1,0,1,0,1,0,0
269,0,0,0,0,0,0,0
270,1,1,0,1,0,1,1
271,1,0,1,0,1,0,0
272,1,1,0,1,0,0,0
273,0,0,0,0,0,0,0
274,2,2,2,2,2,5,2
275,1,1,0,1,0,1,1
276,1,1,0,1,0,0,0
277,0,0,0,0,0,0,0
278,1,0,1,0,1,0,0
279,0,0,0,0,0,0,0
280,1,1,1,1,1,2,1
281,1,1,0,1,0,0,0
282,2,0,2,0,2,0,0
283,1,0,1,0,1,0,0
284,0,0,0,0,0,0,0
