"mate","target_position","target_aa","hit_count","percent"
"R1","653","I",0,0
"R2","653","I",1,0.373134328358209
"R1","698","I",0,0
"R2","698","I",0,0
"R1","653","K",1,0.373134328358209
"R2","653","K",2,0.746268656716418
"R1","698","K",0,0
"R2","698","K",0,0
"R1","653","L",1,0.373134328358209
"R2","653","L",2,0.746268656716418
"R1","698","L",121,50.4166666666667
"R2","698","L",113,47.0833333333333
"R1","653","M",133,49.6268656716418
"R2","653","M",120,44.7761194029851
"R1","698","M",0,0
"R2","698","M",0,0
"R1","653","P",0,0
"R2","653","P",0,0
"R1","698","P",0,0
"R2","698","P",3,1.25
"R1","653","Q",0,0
"R2","653","Q",0,0
"R1","698","Q",1,0.416666666666667
"R2","698","Q",0,0
"R1","653","R",1,0.373134328358209
"R2","653","R",4,1.49253731343284
"R1","698","R",0,0
"R2","698","R",2,0.833333333333333
"R1","653","S",0,0
"R2","653","S",1,0.373134328358209
"R1","698","S",0,0
"R2","698","S",0,0
"R1","653","TRUE",0,0
"R2","653","TRUE",1,0.373134328358209
"R1","698","TRUE",0,0
"R2","698","TRUE",0,0
"R1","653","W",0,0
"R2","653","W",1,0.373134328358209
"R1","698","W",0,0
"R2","698","W",0,0
