tac102_pos,coverage_depth,unique_aa_count,dominant_aa,dominant_freq,concordance_pct,all_observed_aa
649,28,3,T,23,82.1,Q/S/T
650,28,4,V,25,89.3,A/D/G/V
651,28,4,A,25,89.3,A/G/P/R
652,28,5,T,24,85.7,A/K/P/T/V
653,28,5,M,23,82.1,K/M/R/T/W
654,28,7,E,22,78.6,*/D/E/G/N/R/V
655,28,6,T,21,75,A/D/I/P/S/T
656,27,4,K,23,85.2,H/K/N/T
657,27,5,K,22,81.5,E/K/N/Q/R
658,27,5,V,17,63,A/G/I/R/V
659,26,2,G,25,96.2,E/G
660,26,4,T,21,80.8,A/K/P/T
661,26,5,T,21,80.8,K/M/P/R/T
662,25,4,E,21,84,A/D/E/G
663,24,1,G,24,100,G
664,24,5,E,19,79.2,A/D/E/K/Q
665,24,5,E,19,79.2,A/D/E/G/V
666,24,4,K,17,70.8,K/N/Q/T
667,23,3,G,21,91.3,A/G/V
668,23,3,E,20,87,*/A/E
669,24,4,A,20,83.3,A/G/K/T
670,26,6,T,18,69.2,H/K/N/R/S/T
671,25,5,K,18,72,G/K/M/N/R
672,25,5,K,19,76,G/H/K/N/R
673,25,4,R,21,84,A/K/R/T
674,26,5,K,17,65.4,G/K/N/R/T
675,25,6,A,14,56,A/D/G/K/R/T
676,25,6,E,16,64,A/E/G/K/R/T
677,26,7,K,14,53.8,*/E/K/N/Q/R/T
678,28,5,K,16,57.1,E/G/K/R/T
679,28,9,A,10,35.7,A/D/E/G/K/P/R/S/X
680,28,7,S,13,46.4,E/G/K/P/R/S/T
681,28,7,E,16,57.1,A/D/E/G/K/R/T
682,28,8,K,16,57.1,D/E/G/K/N/Q/R/T
683,29,6,K,18,62.1,D/E/G/H/K/R
684,28,5,K,18,64.3,E/G/K/R/T
685,26,5,K,16,61.5,D/E/G/K/T
686,25,6,D,12,48,D/E/G/H/K/R
687,26,5,K,17,65.4,D/E/G/K/T
688,26,6,E,11,42.3,A/E/G/K/R/T
689,26,5,D,11,42.3,D/E/G/K/R
690,28,7,A,8,28.6,A/D/E/G/K/R/T
691,28,6,R,13,46.4,D/E/G/K/R/T
692,28,5,K,16,57.1,E/G/K/R/T
693,27,8,K,13,48.1,*/E/G/K/N/Q/R/T
694,28,6,A,8,28.6,A/D/E/G/K/T
695,28,4,K,11,39.3,E/G/K/R
696,29,7,K,13,44.8,D/E/G/K/R/S/T
697,31,6,K,17,54.8,E/G/K/N/R/S
698,31,7,G,7,22.6,E/G/K/M/R/T/V
699,31,7,S,9,29,A/E/G/K/R/S/T
700,31,8,K,14,45.2,A/D/E/G/K/R/S/T
701,30,8,K,10,33.3,A/D/E/G/K/R/S/T
702,31,8,K,11,35.5,A/E/G/K/R/S/T/V
703,31,9,K,13,41.9,A/D/E/G/K/M/R/S/V
704,31,5,K,17,54.8,A/E/G/K/M
705,32,7,K,11,34.4,A/E/G/K/R/S/T
706,31,8,K,13,41.9,A/E/G/K/M/R/S/T
707,30,8,K,9,30,A/D/E/G/K/M/R/S
708,30,10,K,9,30,A/D/E/G/K/M/R/S/T/V
709,30,9,K,18,60,A/D/E/G/K/L/R/S/T
710,29,8,K,15,51.7,A/D/E/G/K/M/R/S
711,29,7,K,9,31,A/E/G/K/P/R/S
712,28,8,K,10,35.7,A/D/E/G/K/M/R/T
713,27,7,K,13,48.1,A/D/E/G/K/R/T
714,28,7,K,10,35.7,A/E/G/K/R/S/T
715,28,9,K,9,32.1,A/D/E/G/K/M/R/S/T
716,28,5,K,13,46.4,A/D/E/G/K
717,28,8,K,13,46.4,A/D/E/G/K/M/R/S
718,28,7,K,14,50,A/D/E/G/K/Q/T
719,28,6,K,17,60.7,A/D/E/G/K/R
720,28,7,K,12,42.9,A/D/E/G/K/S/T
721,28,8,K,10,35.7,A/D/E/G/K/M/S/W
722,28,11,K,10,35.7,A/D/E/G/K/M/Q/R/S/T/V
723,28,7,K,15,53.6,A/D/E/G/K/R/T
724,28,9,K,11,39.3,A/D/E/G/K/M/P/R/S
725,28,8,K,10,35.7,A/E/G/K/Q/R/S/X
726,28,7,K,15,53.6,A/D/E/G/K/R/S
727,28,6,K,15,53.6,A/D/E/G/K/S
728,28,7,K,12,42.9,A/E/G/K/M/R/S
729,28,9,K,10,35.7,A/D/E/G/K/M/R/S/T
730,28,7,K,15,53.6,A/D/E/G/K/M/S
731,28,10,K,10,35.7,A/D/E/G/K/M/N/R/S/T
732,28,7,K,12,42.9,A/E/G/K/N/R/T
