tac102_pos,coverage_depth,unique_aa_count,dominant_aa,dominant_count,dominant_frequency,concordance_pct,all_observed_aa,discordant_count,discordance_pct,concordance_class
649,28,3,T,23,0.8214,82.1,Q/S/T,5,17.9,75-89.9%
650,28,4,V,25,0.8929,89.3,A/D/G/V,3,10.7,75-89.9%
651,28,4,A,25,0.8929,89.3,A/G/P/R,3,10.7,75-89.9%
652,28,5,T,24,0.8571,85.7,A/K/P/T/V,4,14.3,75-89.9%
653,28,5,M,23,0.8214,82.1,K/M/R/T/W,5,17.9,75-89.9%
654,28,7,E,22,0.7857,78.6,*/D/E/G/N/R/V,6,21.4,75-89.9%
655,28,6,T,21,0.75,75,A/D/I/P/S/T,7,25,75-89.9%
656,27,4,K,23,0.8519,85.2,H/K/N/T,4,14.8,75-89.9%
657,27,5,K,22,0.8148,81.5,E/K/N/Q/R,5,18.5,75-89.9%
658,27,5,V,17,0.6296,63,A/G/I/R/V,10,37,<75%
659,26,2,G,25,0.9615,96.2,E/G,1,3.8,>=95%
660,26,4,T,21,0.8077,80.8,A/K/P/T,5,19.2,75-89.9%
661,26,5,T,21,0.8077,80.8,K/M/P/R/T,5,19.2,75-89.9%
662,25,4,E,21,0.84,84,A/D/E/G,4,16,75-89.9%
663,24,1,G,24,1,100,G,0,0,100%
664,24,5,E,19,0.7917,79.2,A/D/E/K/Q,5,20.8,75-89.9%
665,24,5,E,19,0.7917,79.2,A/D/E/G/V,5,20.8,75-89.9%
666,24,4,K,17,0.7083,70.8,K/N/Q/T,7,29.2,<75%
667,23,3,G,21,0.913,91.3,A/G/V,2,8.7,90-94.9%
668,23,3,E,20,0.8696,87,*/A/E,3,13,75-89.9%
669,24,4,A,20,0.8333,83.3,A/G/K/T,4,16.7,75-89.9%
670,26,6,T,18,0.6923,69.2,H/K/N/R/S/T,8,30.8,<75%
671,25,5,K,18,0.72,72,G/K/M/N/R,7,28,<75%
672,25,5,K,19,0.76,76,G/H/K/N/R,6,24,75-89.9%
673,25,4,R,21,0.84,84,A/K/R/T,4,16,75-89.9%
674,26,5,K,17,0.6538,65.4,G/K/N/R/T,9,34.6,<75%
675,25,6,A,14,0.56,56,A/D/G/K/R/T,11,44,<75%
676,25,6,E,16,0.64,64,A/E/G/K/R/T,9,36,<75%
677,26,7,K,14,0.5385,53.8,*/E/K/N/Q/R/T,12,46.2,<75%
678,28,5,K,16,0.5714,57.1,E/G/K/R/T,12,42.9,<75%
679,28,9,A,10,0.3571,35.7,A/D/E/G/K/P/R/S/X,18,64.3,<75%
680,28,7,S,13,0.4643,46.4,E/G/K/P/R/S/T,15,53.6,<75%
681,28,7,E,16,0.5714,57.1,A/D/E/G/K/R/T,12,42.9,<75%
682,28,8,K,16,0.5714,57.1,D/E/G/K/N/Q/R/T,12,42.9,<75%
683,29,6,K,18,0.6207,62.1,D/E/G/H/K/R,11,37.9,<75%
684,28,5,K,18,0.6429,64.3,E/G/K/R/T,10,35.7,<75%
685,26,5,K,16,0.6154,61.5,D/E/G/K/T,10,38.5,<75%
686,25,6,D,12,0.48,48,D/E/G/H/K/R,13,52,<75%
687,26,5,K,17,0.6538,65.4,D/E/G/K/T,9,34.6,<75%
688,26,6,E,11,0.4231,42.3,A/E/G/K/R/T,15,57.7,<75%
689,26,5,D,11,0.4231,42.3,D/E/G/K/R,15,57.7,<75%
690,28,7,A,8,0.2857,28.6,A/D/E/G/K/R/T,20,71.4,<75%
691,28,6,R,13,0.4643,46.4,D/E/G/K/R/T,15,53.6,<75%
692,28,5,K,16,0.5714,57.1,E/G/K/R/T,12,42.9,<75%
693,27,8,K,13,0.4815,48.1,*/E/G/K/N/Q/R/T,14,51.9,<75%
694,28,6,A,8,0.2857,28.6,A/D/E/G/K/T,20,71.4,<75%
695,28,4,K,11,0.3929,39.3,E/G/K/R,17,60.7,<75%
696,29,7,K,13,0.4483,44.8,D/E/G/K/R/S/T,16,55.2,<75%
697,31,6,K,17,0.5484,54.8,E/G/K/N/R/S,14,45.2,<75%
698,31,7,G,7,0.2258,22.6,E/G/K/M/R/T/V,24,77.4,<75%
699,31,7,S,9,0.2903,29,A/E/G/K/R/S/T,22,71,<75%
700,31,8,K,14,0.4516,45.2,A/D/E/G/K/R/S/T,17,54.8,<75%
701,30,8,K,10,0.3333,33.3,A/D/E/G/K/R/S/T,20,66.7,<75%
702,31,8,K,11,0.3548,35.5,A/E/G/K/R/S/T/V,20,64.5,<75%
703,31,9,K,13,0.4194,41.9,A/D/E/G/K/M/R/S/V,18,58.1,<75%
704,31,5,K,17,0.5484,54.8,A/E/G/K/M,14,45.2,<75%
705,32,7,K,11,0.3438,34.4,A/E/G/K/R/S/T,21,65.6,<75%
706,31,8,K,13,0.4194,41.9,A/E/G/K/M/R/S/T,18,58.1,<75%
707,30,8,K,9,0.3,30,A/D/E/G/K/M/R/S,21,70,<75%
708,30,10,K,9,0.3,30,A/D/E/G/K/M/R/S/T/V,21,70,<75%
709,30,9,K,18,0.6,60,A/D/E/G/K/L/R/S/T,12,40,<75%
710,29,8,K,15,0.5172,51.7,A/D/E/G/K/M/R/S,14,48.3,<75%
711,29,7,K,9,0.3103,31,A/E/G/K/P/R/S,20,69,<75%
712,28,8,K,10,0.3571,35.7,A/D/E/G/K/M/R/T,18,64.3,<75%
713,27,7,K,13,0.4815,48.1,A/D/E/G/K/R/T,14,51.9,<75%
714,28,7,K,10,0.3571,35.7,A/E/G/K/R/S/T,18,64.3,<75%
715,28,9,K,9,0.3214,32.1,A/D/E/G/K/M/R/S/T,19,67.9,<75%
716,28,5,K,13,0.4643,46.4,A/D/E/G/K,15,53.6,<75%
717,28,8,K,13,0.4643,46.4,A/D/E/G/K/M/R/S,15,53.6,<75%
718,28,7,K,14,0.5,50,A/D/E/G/K/Q/T,14,50,<75%
719,28,6,K,17,0.6071,60.7,A/D/E/G/K/R,11,39.3,<75%
720,28,7,K,12,0.4286,42.9,A/D/E/G/K/S/T,16,57.1,<75%
721,28,8,K,10,0.3571,35.7,A/D/E/G/K/M/S/W,18,64.3,<75%
722,28,11,K,10,0.3571,35.7,A/D/E/G/K/M/Q/R/S/T/V,18,64.3,<75%
723,28,7,K,15,0.5357,53.6,A/D/E/G/K/R/T,13,46.4,<75%
724,28,9,K,11,0.3929,39.3,A/D/E/G/K/M/P/R/S,17,60.7,<75%
725,28,8,K,10,0.3571,35.7,A/E/G/K/Q/R/S/X,18,64.3,<75%
726,28,7,K,15,0.5357,53.6,A/D/E/G/K/R/S,13,46.4,<75%
727,28,6,K,15,0.5357,53.6,A/D/E/G/K/S,13,46.4,<75%
728,28,7,K,12,0.4286,42.9,A/E/G/K/M/R/S,16,57.1,<75%
729,28,9,K,10,0.3571,35.7,A/D/E/G/K/M/R/S/T,18,64.3,<75%
730,28,7,K,15,0.5357,53.6,A/D/E/G/K/M/S,13,46.4,<75%
731,28,10,K,10,0.3571,35.7,A/D/E/G/K/M/N/R/S/T,18,64.3,<75%
732,28,7,K,12,0.4286,42.9,A/E/G/K/N/R/T,16,57.1,<75%
