tac102_pos,pair_depth,n_only_count,c_only_count,nc_concordant_count,nc_conflict_count,unique_aa_count,dominant_aa,dominant_pair_count,total_weight,all_observed_aa,pair_concordance_pct,discordant_pair_count,discordance_pct
649,28,28,0,0,0,3,T,23,28,Q/S/T,82.1,5,17.9
650,28,28,0,0,0,4,V,25,28,A/D/G/V,89.3,3,10.7
651,28,28,0,0,0,4,A,25,28,A/G/P/R,89.3,3,10.7
652,28,28,0,0,0,5,T,24,28,A/K/P/T/V,85.7,4,14.3
653,28,28,0,0,0,5,M,23,28,K/M/R/T/W,82.1,5,17.9
654,28,28,0,0,0,7,E,22,28,*/D/E/G/N/R/V,78.6,6,21.4
655,28,28,0,0,0,6,T,21,28,A/D/I/P/S/T,75,7,25
656,27,27,0,0,0,4,K,23,27,H/K/N/T,85.2,4,14.8
657,27,27,0,0,0,5,K,22,27,E/K/N/Q/R,81.5,5,18.5
658,27,27,0,0,0,5,V,17,27,A/G/I/R/V,63,10,37
659,26,26,0,0,0,2,G,25,26,E/G,96.2,1,3.8
660,26,26,0,0,0,4,T,21,26,A/K/P/T,80.8,5,19.2
661,26,26,0,0,0,5,T,21,26,K/M/P/R/T,80.8,5,19.2
662,25,25,0,0,0,4,E,21,25,A/D/E/G,84,4,16
663,24,24,0,0,0,1,G,24,24,G,100,0,0
664,24,24,0,0,0,5,E,19,24,A/D/E/K/Q,79.2,5,20.8
665,24,24,0,0,0,5,E,19,24,A/D/E/G/V,79.2,5,20.8
666,24,24,0,0,0,4,K,17,24,K/N/Q/T,70.8,7,29.2
667,23,23,0,0,0,3,G,21,23,A/G/V,91.3,2,8.7
668,23,23,0,0,0,3,E,20,23,*/A/E,87,3,13
669,22,20,0,0,2,4,A,19,22,A/G/K/T,86.4,3,13.6
670,23,19,1,0,3,6,T,16.5,23,H/K/N/R/S/T,71.7,6.5,28.3
671,22,18,1,0,3,5,K,16.5,22,G/K/M/N/R,75,5.5,25
672,21,16,1,1,3,5,K,16.5,21,G/H/K/N/R,78.6,4.5,21.4
673,21,15,2,2,2,4,R,18,21,A/K/R/T,85.7,3,14.3
674,21,14,2,1,4,5,K,14.5,21,G/K/N/R/T,69,6.5,31
675,20,13,2,0,5,6,A,12,20,A/D/G/K/R/T,60,8,40
676,19,11,2,2,4,6,E,12,19,A/E/G/K/R/T,63.2,7,36.8
677,20,11,3,0,6,7,K,11,20,*/E/K/N/Q/R/T,55,9,45
678,22,11,5,1,5,5,K,12.5,22,E/G/K/R/T,56.8,9.5,43.2
679,22,11,5,0,6,9,A,8.5,22,A/D/E/G/K/P/R/S/X,38.6,13.5,61.4
680,22,11,5,0,6,7,S,10.5,22,E/G/K/P/R/S/T,47.7,11.5,52.3
681,22,10,6,2,4,7,E,12,22,A/D/E/G/K/R/T,54.5,10,45.5
682,22,10,6,1,5,8,K,12.5,22,D/E/G/K/N/Q/R/T,56.8,9.5,43.2
683,22,9,6,2,5,6,K,13.5,22,D/E/G/H/K/R,61.4,8.5,38.6
684,21,8,6,2,5,5,K,14,21,E/G/K/R/T,66.7,7,33.3
685,20,7,7,1,5,5,K,12.5,20,D/E/G/K/T,62.5,7.5,37.5
686,19,6,7,0,6,6,D,9,19,D/E/G/H/K/R,47.4,10,52.6
687,21,6,10,2,3,5,K,13.5,21,D/E/G/K/T,64.3,7.5,35.7
688,20,4,10,1,5,6,E,7.5,20,A/E/G/K/R/T,37.5,12.5,62.5
689,20,4,10,1,5,5,D,7.5,20,D/E/G/K/R,37.5,12.5,62.5
690,22,4,12,0,6,7,K,6,22,A/D/E/G/K/R/T,27.3,16,72.7
691,22,4,12,1,5,6,R,9.5,22,D/E/G/K/R/T,43.2,12.5,56.8
692,22,4,12,4,2,5,K,12,22,E/G/K/R/T,54.5,10,45.5
693,21,3,12,3,3,8,K,9,21,*/E/G/K/N/Q/R/T,42.9,12,57.1
694,22,3,13,0,6,6,K,7,22,A/D/E/G/K/T,31.8,15,68.2
695,22,2,14,3,3,4,K,9.5,22,E/G/K/R,43.2,12.5,56.8
696,23,2,15,1,5,7,K,9.5,23,D/E/G/K/R/S/T,41.3,13.5,58.7
697,25,2,17,2,4,6,K,13,25,E/G/K/N/R/S,52,12,48
698,25,2,17,0,6,7,G,7,25,E/G/K/M/R/T/V,28,18,72
699,25,2,17,0,6,7,G,7,25,A/E/G/K/R/S/T,28,18,72
700,25,2,17,2,4,8,K,10,25,A/D/E/G/K/R/S/T,40,15,60
701,25,2,18,1,4,8,K,9,25,A/D/E/G/K/R/S/T,36,16,64
702,26,2,19,0,5,8,K,10,26,A/E/G/K/R/S/T/V,38.5,16,61.5
703,26,2,19,1,4,9,K,10.5,26,A/D/E/G/K/M/R/S/V,40.4,15.5,59.6
704,26,0,21,4,1,5,K,12.5,26,A/E/G/K/M,48.1,13.5,51.9
705,27,0,22,1,4,7,K,9.5,27,A/E/G/K/R/S/T,35.2,17.5,64.8
706,27,0,23,0,4,8,K,12,27,A/E/G/K/M/R/S/T,44.4,15,55.6
707,27,0,24,0,3,8,K,8,27,A/D/E/G/K/M/R/S,29.6,19,70.4
708,27,0,24,0,3,10,K,9,27,A/D/E/G/K/M/R/S/T/V,33.3,18,66.7
709,27,0,24,2,1,9,K,15.5,27,A/D/E/G/K/L/R/S/T,57.4,11.5,42.6
710,27,0,25,2,0,8,K,13,27,A/D/E/G/K/M/R/S,48.1,14,51.9
711,27,0,25,0,2,7,K,9,27,A/E/G/K/P/R/S,33.3,18,66.7
712,27,0,26,0,1,8,K,10,27,A/D/E/G/K/M/R/T,37,17,63
713,27,0,27,0,0,7,K,13,27,A/D/E/G/K/R/T,48.1,14,51.9
714,28,0,28,0,0,7,K,10,28,A/E/G/K/R/S/T,35.7,18,64.3
715,28,0,28,0,0,9,K,9,28,A/D/E/G/K/M/R/S/T,32.1,19,67.9
716,28,0,28,0,0,5,K,13,28,A/D/E/G/K,46.4,15,53.6
717,28,0,28,0,0,8,K,13,28,A/D/E/G/K/M/R/S,46.4,15,53.6
718,28,0,28,0,0,7,K,14,28,A/D/E/G/K/Q/T,50,14,50
719,28,0,28,0,0,6,K,17,28,A/D/E/G/K/R,60.7,11,39.3
720,28,0,28,0,0,7,K,12,28,A/D/E/G/K/S/T,42.9,16,57.1
721,28,0,28,0,0,8,K,10,28,A/D/E/G/K/M/S/W,35.7,18,64.3
722,28,0,28,0,0,11,K,10,28,A/D/E/G/K/M/Q/R/S/T/V,35.7,18,64.3
723,28,0,28,0,0,7,K,15,28,A/D/E/G/K/R/T,53.6,13,46.4
724,28,0,28,0,0,9,K,11,28,A/D/E/G/K/M/P/R/S,39.3,17,60.7
725,28,0,28,0,0,8,K,10,28,A/E/G/K/Q/R/S/X,35.7,18,64.3
726,28,0,28,0,0,7,K,15,28,A/D/E/G/K/R/S,53.6,13,46.4
727,28,0,28,0,0,6,K,15,28,A/D/E/G/K/S,53.6,13,46.4
728,28,0,28,0,0,7,K,12,28,A/E/G/K/M/R/S,42.9,16,57.1
729,28,0,28,0,0,9,K,10,28,A/D/E/G/K/M/R/S/T,35.7,18,64.3
730,28,0,28,0,0,7,K,15,28,A/D/E/G/K/M/S,53.6,13,46.4
731,28,0,28,0,0,10,K,10,28,A/D/E/G/K/M/N/R/S/T,35.7,18,64.3
732,28,0,28,0,0,7,K,12,28,A/E/G/K/N/R/T,42.9,16,57.1
