pair_id,tac102_pos,aa_N,aa_C,extracted_codon,frame_N_matched,frame_C_matched,diagnostic_cause
SRR7910035.10897477,681,E,K,GAA,RC/None,RC/None,Identical extracted nucleotide triplets but reported translations cannot be independently reproduced
SRR7910035.10897477,682,K,R,AAG,RC/None,RC/None,Identical extracted nucleotide triplets but reported translations cannot be independently reproduced
SRR7910035.10897477,683,K,G,AAG,RC/None,RC/None,Identical extracted nucleotide triplets but reported translations cannot be independently reproduced
SRR7910035.10897477,684,K,R,AAG,RC/None,RC/None,Identical extracted nucleotide triplets but reported translations cannot be independently reproduced
SRR7910035.10897477,685,K,T,AAG,RC/None,RC/None,Identical extracted nucleotide triplets but reported translations cannot be independently reproduced
SRR7910035.10897477,689,D,E,GAT,RC/None,RC/None,Identical extracted nucleotide triplets but reported translations cannot be independently reproduced
SRR7910035.10897477,690,A,G,GCC,RC/None,RC/None,Identical extracted nucleotide triplets but reported translations cannot be independently reproduced
SRR7910035.10897477,691,R,E,CGG,RC/None,RC/None,Identical extracted nucleotide triplets but reported translations cannot be independently reproduced
SRR7910035.10897477,692,K,E,AAG,RC/None,RC/None,Identical extracted nucleotide triplets but reported translations cannot be independently reproduced
SRR7910035.10897477,694,A,D,GCG,RC/None,RC/None,Identical extracted nucleotide triplets but reported translations cannot be independently reproduced
SRR7910035.10897477,695,G,K,GGA,RC/None,RC/None,Identical extracted nucleotide triplets but reported translations cannot be independently reproduced
SRR7910035.10897477,696,K,G,AAG,RC/None,RC/None,Identical extracted nucleotide triplets but reported translations cannot be independently reproduced
SRR7910035.10897477,698,M,K,CTG,RC/None,RC/None,Identical extracted nucleotide triplets but reported translations cannot be independently reproduced
SRR7910035.10897477,699,S,T,TCA,RC/None,RC/None,Identical extracted nucleotide triplets but reported translations cannot be independently reproduced
SRR7910035.10897477,702,A,G,GCG,RC/None,RC/None,Identical extracted nucleotide triplets but reported translations cannot be independently reproduced
SRR7910035.10897477,706,G,K,GGA,RC/None,RC/None,Identical extracted nucleotide triplets but reported translations cannot be independently reproduced
SRR7910035.10897477,707,K,G,AAG,RC/None,RC/None,Identical extracted nucleotide triplets but reported translations cannot be independently reproduced
SRR7910035.10897477,708,E,S,GAG,RC/None,RC/None,Identical extracted nucleotide triplets but reported translations cannot be independently reproduced
SRR7910035.12937012,676,E,K,GAG,+1,RC/None,Identical extracted nucleotide triplets but reported translations cannot be independently reproduced
SRR7910035.12937012,677,K,R,AAA,+1,RC/None,Identical extracted nucleotide triplets but reported translations cannot be independently reproduced
SRR7910035.12937012,678,K,G,AAG,+1,RC/None,Identical extracted nucleotide triplets but reported translations cannot be independently reproduced
SRR7910035.12937012,679,A,R,GCC,+1,RC/None,Identical extracted nucleotide triplets but reported translations cannot be independently reproduced
SRR7910035.12937012,680,S,T,TCT,+1,RC/None,Identical extracted nucleotide triplets but reported translations cannot be independently reproduced
SRR7910035.12937012,681,E,R,GAA,+1,RC/None,Identical extracted nucleotide triplets but reported translations cannot be independently reproduced
SRR7910035.12937012,683,K,E,AAG,+1,RC/None,Identical extracted nucleotide triplets but reported translations cannot be independently reproduced
SRR7910035.12937012,684,K,E,AAG,+1,RC/None,Identical extracted nucleotide triplets but reported translations cannot be independently reproduced
SRR7910035.12937012,685,K,G,AAG,+1,RC/None,Identical extracted nucleotide triplets but reported translations cannot be independently reproduced
SRR7910035.12937012,686,D,E,GAC,+1,RC/None,Identical extracted nucleotide triplets but reported translations cannot be independently reproduced
SRR7910035.12937012,687,K,E,AAG,+1,RC/None,Identical extracted nucleotide triplets but reported translations cannot be independently reproduced
SRR7910035.12937012,688,E,K,GAG,+1,RC/None,Identical extracted nucleotide triplets but reported translations cannot be independently reproduced
SRR7910035.12937012,691,R,G,CGG,+1,RC/None,Identical extracted nucleotide triplets but reported translations cannot be independently reproduced
SRR7910035.12937012,694,A,T,GCG,+1,RC/None,Identical extracted nucleotide triplets but reported translations cannot be independently reproduced
SRR7910035.12937012,695,G,K,GGA,+1,RC/None,Identical extracted nucleotide triplets but reported translations cannot be independently reproduced
SRR7910035.12937012,696,K,G,AAG,+1,RC/None,Identical extracted nucleotide triplets but reported translations cannot be independently reproduced
SRR7910035.12937012,697,K,G,AAG,+1,RC/None,Identical extracted nucleotide triplets but reported translations cannot be independently reproduced
SRR7910035.12937012,699,S,K,TCA,+1,RC/None,Identical extracted nucleotide triplets but reported translations cannot be independently reproduced
SRR7910035.12937012,700,K,E,AAG,+1,RC/None,Identical extracted nucleotide triplets but reported translations cannot be independently reproduced
SRR7910035.12937012,701,A,K,GCT,+1,RC/None,Identical extracted nucleotide triplets but reported translations cannot be independently reproduced
SRR7910035.12937012,702,A,G,GCG,+1,RC/None,Identical extracted nucleotide triplets but reported translations cannot be independently reproduced
SRR7910035.12937012,706,G,A,GGA,+1,RC/None,Identical extracted nucleotide triplets but reported translations cannot be independently reproduced
SRR7910035.24197645,679,G,E,GGC,+1,RC/None,Identical extracted nucleotide triplets but reported translations cannot be independently reproduced
SRR7910035.24697138,676,E,G,GAG,+1,RC/None,Identical extracted nucleotide triplets but reported translations cannot be independently reproduced
SRR7910035.24697138,677,K,R,AAA,+1,RC/None,Identical extracted nucleotide triplets but reported translations cannot be independently reproduced
SRR7910035.24697138,678,K,T,AAG,+1,RC/None,Identical extracted nucleotide triplets but reported translations cannot be independently reproduced
SRR7910035.24697138,682,K,E,AAG,+1,RC/None,Identical extracted nucleotide triplets but reported translations cannot be independently reproduced
SRR7910035.24697138,683,K,G,AAG,+1,RC/None,Identical extracted nucleotide triplets but reported translations cannot be independently reproduced
SRR7910035.24697138,685,K,E,AAG,+1,RC/None,Identical extracted nucleotide triplets but reported translations cannot be independently reproduced
SRR7910035.24697138,686,D,K,GAC,+1,RC/None,Identical extracted nucleotide triplets but reported translations cannot be independently reproduced
SRR7910035.24697138,687,K,D,AAG,+1,RC/None,Identical extracted nucleotide triplets but reported translations cannot be independently reproduced
SRR7910035.24697138,689,D,G,GAT,+1,RC/None,Identical extracted nucleotide triplets but reported translations cannot be independently reproduced
SRR7910035.24697138,690,A,K,GCC,+1,RC/None,Identical extracted nucleotide triplets but reported translations cannot be independently reproduced
SRR7910035.24697138,691,R,K,CGG,+1,RC/None,Identical extracted nucleotide triplets but reported translations cannot be independently reproduced
SRR7910035.24697138,694,A,G,GCG,+1,RC/None,Identical extracted nucleotide triplets but reported translations cannot be independently reproduced
SRR7910035.24697138,699,S,K,TCA,+1,RC/None,Identical extracted nucleotide triplets but reported translations cannot be independently reproduced
SRR7910035.24697138,700,K,G,AAG,+1,RC/None,Identical extracted nucleotide triplets but reported translations cannot be independently reproduced
