pair_id,mate,orientation_role,hsp_qstart,hsp_sstart,hsp_send,strand,gap_position_start,gap_position_end,gap_facing_nt_start,gap_facing_nt_end,codon_nt_start,total_aa_length,total_mismatch_positions,first_discordant_aa_idx,first_discordant_tac102_pos,reported_aa,reconstructed_aa,reconstructed_codon,reconstructed_codon_translation,codon_directly_encodes_reported,codon_directly_encodes_reconstructed,frame0_codon,frame0_aa,frame_plus1_codon,frame_plus1_aa,frame_plus2_codon,frame_plus2_aa,frame_shift_restores_reported,hamming_dist_to_reported,nucleotide_evidence_available,provenance_classification
SRR7910035.10897477,R2,N,612,2,112,+,649,711,113,301,113,63,1,50,698,M,L,CTG,L,FALSE,TRUE,CTG,L,TGT,C,GTC,V,FALSE,1,TRUE,D_single_nucleotide_difference_candidate
SRR7910035.10897477,R1,C,733,144,1,-,681,732,145,300,298,52,38,1,681,K,E,AAA,K,TRUE,FALSE,AAA,K,NA,X,NA,X,FALSE,0,TRUE,A_translation_bookkeeping_mismatch
SRR7910035.11023455,R1,C,733,134,3,-,678,732,135,301,297,55,49,3,680,G,P,NA,X,FALSE,FALSE,NA,X,NA,X,NA,X,FALSE,NA,FALSE,E_insufficient_nucleotide_evidence
SRR7910035.11156312,R1,C,733,188,18,-,696,732,189,301,297,37,31,1,696,K,E,GGA,G,FALSE,FALSE,GGA,G,GAA,E,AAA,K,TRUE,2,TRUE,C_codon_boundary_frame_interpretation
SRR7910035.11419181,R1,C,733,217,47,-,705,732,218,301,299,28,26,1,705,K,G,AAA,K,TRUE,FALSE,AAA,K,NA,X,NA,X,FALSE,0,TRUE,A_translation_bookkeeping_mismatch
SRR7910035.11900901,R2,N,559,1,270,+,649,658,271,301,271,10,1,5,653,M,L,CTG,L,FALSE,TRUE,CTG,L,TGC,C,GCG,A,FALSE,1,TRUE,D_single_nucleotide_difference_candidate
SRR7910035.11900901,R1,C,733,192,22,-,697,732,193,301,298,36,29,1,697,K,E,GAA,E,FALSE,TRUE,GAA,E,AAA,K,NA,X,TRUE,1,TRUE,C_codon_boundary_frame_interpretation
SRR7910035.12937012,R1,C,733,130,2,-,676,732,131,301,299,57,48,1,676,K,E,AAA,K,TRUE,FALSE,AAA,K,NA,X,NA,X,FALSE,0,TRUE,A_translation_bookkeeping_mismatch
SRR7910035.17087479,R1,C,733,184,14,-,694,732,185,301,299,39,38,1,694,K,A,AAA,K,TRUE,FALSE,AAA,K,NA,X,NA,X,FALSE,0,TRUE,A_translation_bookkeeping_mismatch
SRR7910035.19346284,R1,C,733,136,2,-,678,732,137,301,299,55,38,2,679,R,A,NA,X,FALSE,FALSE,NA,X,NA,X,NA,X,FALSE,NA,FALSE,E_insufficient_nucleotide_evidence
SRR7910035.1964432,R2,N,605,1,132,+,649,703,133,298,133,55,1,50,698,M,L,CTG,L,FALSE,TRUE,CTG,L,TGT,C,GTC,V,FALSE,1,TRUE,D_single_nucleotide_difference_candidate
SRR7910035.1964432,R1,C,733,108,1,-,669,732,109,301,298,64,58,1,669,K,G,GAA,E,FALSE,FALSE,GAA,E,AAA,K,NA,X,TRUE,1,TRUE,C_codon_boundary_frame_interpretation
SRR7910035.1970792,R1,C,733,164,3,-,688,732,165,301,297,45,40,1,688,K,R,GGA,G,FALSE,FALSE,GGA,G,GAA,E,AAA,K,TRUE,2,TRUE,C_codon_boundary_frame_interpretation
SRR7910035.2051268,R1,C,733,150,1,-,683,732,151,301,298,50,43,1,683,K,E,GAA,E,FALSE,TRUE,GAA,E,AAA,K,NA,X,TRUE,1,TRUE,C_codon_boundary_frame_interpretation
SRR7910035.20819473,R2,N,570,5,232,+,649,667,233,300,242,19,1,5,653,M,L,TTG,L,FALSE,TRUE,TTG,L,TGG,W,GGA,G,FALSE,1,TRUE,D_single_nucleotide_difference_candidate
SRR7910035.21033183,R1,C,733,170,3,-,690,732,171,301,297,43,36,1,690,K,M,GGA,G,FALSE,FALSE,GGA,G,GAA,E,AAA,K,TRUE,2,TRUE,C_codon_boundary_frame_interpretation
SRR7910035.21299,R2,C,733,214,44,-,704,732,215,301,299,29,24,1,704,K,R,AAA,K,TRUE,FALSE,AAA,K,NA,X,NA,X,FALSE,0,TRUE,A_translation_bookkeeping_mismatch
SRR7910035.21584664,R1,C,733,151,2,-,683,732,152,301,299,50,44,2,684,R,K,NA,X,FALSE,FALSE,NA,X,NA,X,NA,X,FALSE,NA,FALSE,E_insufficient_nucleotide_evidence
SRR7910035.23078712,R2,N,605,3,134,+,649,703,135,300,135,55,1,50,698,M,L,CTG,L,FALSE,TRUE,CTG,L,TGT,C,GTC,V,FALSE,1,TRUE,D_single_nucleotide_difference_candidate
SRR7910035.23078712,R1,C,733,215,45,-,705,732,216,301,297,28,22,1,705,K,R,GGA,G,FALSE,FALSE,GGA,G,GAA,E,AAA,K,TRUE,2,TRUE,C_codon_boundary_frame_interpretation
SRR7910035.23521289,R1,C,733,208,38,-,702,732,209,301,299,31,26,1,702,K,A,AAA,K,TRUE,FALSE,AAA,K,NA,X,NA,X,FALSE,0,TRUE,A_translation_bookkeeping_mismatch
SRR7910035.24197645,R1,C,733,108,1,-,669,732,109,301,298,64,58,1,669,K,G,GAA,E,FALSE,FALSE,GAA,E,AAA,K,NA,X,TRUE,1,TRUE,C_codon_boundary_frame_interpretation
SRR7910035.24697138,R1,C,733,124,2,-,674,732,125,301,299,59,46,2,675,R,G,NA,X,FALSE,FALSE,NA,X,NA,X,NA,X,FALSE,NA,FALSE,E_insufficient_nucleotide_evidence
SRR7910035.25988092,R1,C,733,162,1,-,687,732,163,301,298,46,38,2,688,R,G,NA,X,FALSE,FALSE,NA,X,NA,X,NA,X,FALSE,NA,FALSE,E_insufficient_nucleotide_evidence
SRR7910035.26317054,R1,C,733,189,19,-,696,732,190,301,298,37,29,2,697,R,E,NA,X,FALSE,FALSE,NA,X,NA,X,NA,X,FALSE,NA,FALSE,E_insufficient_nucleotide_evidence
SRR7910035.26367709,R2,C,733,242,72,-,714,732,243,301,297,19,17,1,714,K,R,GGA,G,FALSE,FALSE,GGA,G,GAA,E,AAA,K,TRUE,2,TRUE,C_codon_boundary_frame_interpretation
SRR7910035.27458563,R1,C,733,112,2,-,670,732,113,301,299,63,48,1,670,K,N,AAA,K,TRUE,FALSE,AAA,K,NA,X,NA,X,FALSE,0,TRUE,A_translation_bookkeeping_mismatch
SRR7910035.3301201,R2,N,595,4,162,+,649,693,163,301,166,45,1,5,653,M,L,CTG,L,FALSE,TRUE,CTG,L,TGG,W,GGA,G,FALSE,1,TRUE,D_single_nucleotide_difference_candidate
SRR7910035.3359319,R2,N,611,3,116,+,649,709,117,300,117,61,1,50,698,M,L,CTG,L,FALSE,TRUE,CTG,L,TGT,C,GTC,V,FALSE,1,TRUE,D_single_nucleotide_difference_candidate
SRR7910035.3359319,R1,C,733,110,3,-,670,732,111,301,297,63,58,2,671,R,Q,NA,X,FALSE,FALSE,NA,X,NA,X,NA,X,FALSE,NA,FALSE,E_insufficient_nucleotide_evidence
SRR7910035.3421399,R1,C,733,214,44,-,704,732,215,301,299,29,22,2,705,R,D,NA,X,FALSE,FALSE,NA,X,NA,X,NA,X,FALSE,NA,FALSE,E_insufficient_nucleotide_evidence
SRR7910035.3520646,R1,C,733,170,3,-,690,732,171,301,297,43,38,1,690,K,M,GGA,G,FALSE,FALSE,GGA,G,GAA,E,AAA,K,TRUE,2,TRUE,C_codon_boundary_frame_interpretation
SRR7910035.3522774,R1,C,733,162,1,-,687,732,163,301,298,46,39,2,688,R,G,NA,X,FALSE,FALSE,NA,X,NA,X,NA,X,FALSE,NA,FALSE,E_insufficient_nucleotide_evidence
SRR7910035.3831778,R2,N,614,1,105,+,649,712,106,298,106,64,1,50,698,M,L,CTG,L,FALSE,TRUE,CTG,L,TGT,C,GTC,V,FALSE,1,TRUE,D_single_nucleotide_difference_candidate
SRR7910035.3831778,R1,C,733,213,43,-,704,732,214,301,298,29,23,1,704,K,E,GAA,E,FALSE,TRUE,GAA,E,AAA,K,NA,X,TRUE,1,TRUE,C_codon_boundary_frame_interpretation
SRR7910035.621828,R1,C,733,117,1,-,672,732,118,301,298,61,56,2,673,R,K,NA,X,FALSE,FALSE,NA,X,NA,X,NA,X,FALSE,NA,FALSE,E_insufficient_nucleotide_evidence
SRR7910035.6537663,R1,C,733,193,23,-,697,732,194,301,299,36,22,2,698,R,L,NA,X,FALSE,FALSE,NA,X,NA,X,NA,X,FALSE,NA,FALSE,E_insufficient_nucleotide_evidence
SRR7910035.6717252,R1,C,733,187,17,-,695,732,188,301,299,38,34,1,695,K,G,AAA,K,TRUE,FALSE,AAA,K,NA,X,NA,X,FALSE,0,TRUE,A_translation_bookkeeping_mismatch
SRR7910035.8621612,R1,C,733,184,14,-,694,732,185,301,299,39,34,1,694,K,G,AAA,K,TRUE,FALSE,AAA,K,NA,X,NA,X,FALSE,0,TRUE,A_translation_bookkeeping_mismatch
SRR7910035.8944822,R1,C,733,119,3,-,673,732,120,301,297,60,56,2,674,R,G,NA,X,FALSE,FALSE,NA,X,NA,X,NA,X,FALSE,NA,FALSE,E_insufficient_nucleotide_evidence
SRR7910035.9218689,R1,C,733,133,2,-,677,732,134,301,299,56,42,2,678,R,K,NA,X,FALSE,FALSE,NA,X,NA,X,NA,X,FALSE,NA,FALSE,E_insufficient_nucleotide_evidence
SRR7910035.9264363,R2,N,573,1,228,+,649,672,229,300,229,24,1,5,653,M,L,TTG,L,FALSE,TRUE,TTG,L,TGG,W,GGG,G,FALSE,1,TRUE,D_single_nucleotide_difference_candidate
SRR7910035.9264363,R1,C,733,134,3,-,678,732,135,301,297,55,46,3,680,G,A,NA,X,FALSE,FALSE,NA,X,NA,X,NA,X,FALSE,NA,FALSE,E_insufficient_nucleotide_evidence
