"gene","protein_position","support_depth","supported"
"TAC102",1,257,TRUE
"TAC102",2,265,TRUE
"TAC102",3,270,TRUE
"TAC102",4,278,TRUE
"TAC102",5,283,TRUE
"TAC102",6,286,TRUE
"TAC102",7,287,TRUE
"TAC102",8,290,TRUE
"TAC102",9,294,TRUE
"TAC102",10,300,TRUE
"TAC102",11,302,TRUE
"TAC102",12,308,TRUE
"TAC102",13,310,TRUE
"TAC102",14,315,TRUE
"TAC102",15,315,TRUE
"TAC102",16,322,TRUE
"TAC102",17,324,TRUE
"TAC102",18,330,TRUE
"TAC102",19,336,TRUE
"TAC102",20,345,TRUE
"TAC102",21,346,TRUE
"TAC102",22,348,TRUE
"TAC102",23,351,TRUE
"TAC102",24,352,TRUE
"TAC102",25,356,TRUE
"TAC102",26,360,TRUE
"TAC102",27,365,TRUE
"TAC102",28,373,TRUE
"TAC102",29,375,TRUE
"TAC102",30,381,TRUE
"TAC102",31,386,TRUE
"TAC102",32,388,TRUE
"TAC102",33,389,TRUE
"TAC102",34,380,TRUE
"TAC102",35,393,TRUE
"TAC102",36,392,TRUE
"TAC102",37,396,TRUE
"TAC102",38,400,TRUE
"TAC102",39,402,TRUE
"TAC102",40,401,TRUE
"TAC102",41,397,TRUE
"TAC102",42,401,TRUE
"TAC102",43,406,TRUE
"TAC102",44,412,TRUE
"TAC102",45,411,TRUE
"TAC102",46,406,TRUE
"TAC102",47,408,TRUE
"TAC102",48,411,TRUE
"TAC102",49,417,TRUE
"TAC102",50,423,TRUE
"TAC102",51,428,TRUE
"TAC102",52,434,TRUE
"TAC102",53,436,TRUE
"TAC102",54,443,TRUE
"TAC102",55,451,TRUE
"TAC102",56,456,TRUE
"TAC102",57,455,TRUE
"TAC102",58,458,TRUE
"TAC102",59,455,TRUE
"TAC102",60,450,TRUE
"TAC102",61,452,TRUE
"TAC102",62,447,TRUE
"TAC102",63,451,TRUE
"TAC102",64,452,TRUE
"TAC102",65,452,TRUE
"TAC102",66,450,TRUE
"TAC102",67,454,TRUE
"TAC102",68,453,TRUE
"TAC102",69,455,TRUE
"TAC102",70,456,TRUE
"TAC102",71,458,TRUE
"TAC102",72,465,TRUE
"TAC102",73,465,TRUE
"TAC102",74,464,TRUE
"TAC102",75,459,TRUE
"TAC102",76,463,TRUE
"TAC102",77,463,TRUE
"TAC102",78,466,TRUE
"TAC102",79,463,TRUE
"TAC102",80,460,TRUE
"TAC102",81,462,TRUE
"TAC102",82,465,TRUE
"TAC102",83,465,TRUE
"TAC102",84,469,TRUE
"TAC102",85,467,TRUE
"TAC102",86,465,TRUE
"TAC102",87,458,TRUE
"TAC102",88,455,TRUE
"TAC102",89,457,TRUE
"TAC102",90,460,TRUE
"TAC102",91,460,TRUE
"TAC102",92,463,TRUE
"TAC102",93,458,TRUE
"TAC102",94,457,TRUE
"TAC102",95,457,TRUE
"TAC102",96,456,TRUE
"TAC102",97,454,TRUE
"TAC102",98,461,TRUE
"TAC102",99,460,TRUE
"TAC102",100,455,TRUE
"TAC102",101,450,TRUE
"TAC102",102,452,TRUE
"TAC102",103,444,TRUE
"TAC102",104,439,TRUE
"TAC102",105,438,TRUE
"TAC102",106,440,TRUE
"TAC102",107,446,TRUE
"TAC102",108,447,TRUE
"TAC102",109,448,TRUE
"TAC102",110,447,TRUE
"TAC102",111,447,TRUE
"TAC102",112,444,TRUE
"TAC102",113,446,TRUE
"TAC102",114,446,TRUE
"TAC102",115,446,TRUE
"TAC102",116,449,TRUE
"TAC102",117,454,TRUE
"TAC102",118,449,TRUE
"TAC102",119,445,TRUE
"TAC102",120,444,TRUE
"TAC102",121,452,TRUE
"TAC102",122,449,TRUE
"TAC102",123,450,TRUE
"TAC102",124,454,TRUE
"TAC102",125,450,TRUE
"TAC102",126,450,TRUE
"TAC102",127,448,TRUE
"TAC102",128,448,TRUE
"TAC102",129,449,TRUE
"TAC102",130,443,TRUE
"TAC102",131,440,TRUE
"TAC102",132,433,TRUE
"TAC102",133,435,TRUE
"TAC102",134,437,TRUE
"TAC102",135,443,TRUE
"TAC102",136,451,TRUE
"TAC102",137,447,TRUE
"TAC102",138,446,TRUE
"TAC102",139,447,TRUE
"TAC102",140,446,TRUE
"TAC102",141,446,TRUE
"TAC102",142,445,TRUE
"TAC102",143,437,TRUE
"TAC102",144,443,TRUE
"TAC102",145,443,TRUE
"TAC102",146,447,TRUE
"TAC102",147,445,TRUE
"TAC102",148,439,TRUE
"TAC102",149,437,TRUE
"TAC102",150,433,TRUE
"TAC102",151,429,TRUE
"TAC102",152,433,TRUE
"TAC102",153,428,TRUE
"TAC102",154,426,TRUE
"TAC102",155,426,TRUE
"TAC102",156,427,TRUE
"TAC102",157,426,TRUE
"TAC102",158,426,TRUE
"TAC102",159,424,TRUE
"TAC102",160,430,TRUE
"TAC102",161,431,TRUE
"TAC102",162,430,TRUE
"TAC102",163,434,TRUE
"TAC102",164,434,TRUE
"TAC102",165,434,TRUE
"TAC102",166,431,TRUE
"TAC102",167,426,TRUE
"TAC102",168,416,TRUE
"TAC102",169,418,TRUE
"TAC102",170,420,TRUE
"TAC102",171,417,TRUE
"TAC102",172,421,TRUE
"TAC102",173,414,TRUE
"TAC102",174,414,TRUE
"TAC102",175,413,TRUE
"TAC102",176,416,TRUE
"TAC102",177,416,TRUE
"TAC102",178,409,TRUE
"TAC102",179,368,TRUE
"TAC102",180,368,TRUE
"TAC102",181,368,TRUE
"TAC102",182,368,TRUE
"TAC102",183,368,TRUE
"TAC102",184,368,TRUE
"TAC102",185,368,TRUE
"TAC102",186,368,TRUE
"TAC102",187,368,TRUE
"TAC102",188,368,TRUE
"TAC102",189,368,TRUE
"TAC102",190,400,TRUE
"TAC102",191,407,TRUE
"TAC102",192,416,TRUE
"TAC102",193,426,TRUE
"TAC102",194,428,TRUE
"TAC102",195,430,TRUE
"TAC102",196,435,TRUE
"TAC102",197,432,TRUE
"TAC102",198,435,TRUE
"TAC102",199,435,TRUE
"TAC102",200,438,TRUE
"TAC102",201,443,TRUE
"TAC102",202,439,TRUE
"TAC102",203,443,TRUE
"TAC102",204,447,TRUE
"TAC102",205,446,TRUE
"TAC102",206,447,TRUE
"TAC102",207,452,TRUE
"TAC102",208,454,TRUE
"TAC102",209,454,TRUE
"TAC102",210,455,TRUE
"TAC102",211,456,TRUE
"TAC102",212,453,TRUE
"TAC102",213,455,TRUE
"TAC102",214,453,TRUE
"TAC102",215,445,TRUE
"TAC102",216,441,TRUE
"TAC102",217,442,TRUE
"TAC102",218,445,TRUE
"TAC102",219,449,TRUE
"TAC102",220,450,TRUE
"TAC102",221,451,TRUE
"TAC102",222,455,TRUE
"TAC102",223,455,TRUE
"TAC102",224,460,TRUE
"TAC102",225,461,TRUE
"TAC102",226,458,TRUE
"TAC102",227,458,TRUE
"TAC102",228,464,TRUE
"TAC102",229,470,TRUE
"TAC102",230,473,TRUE
"TAC102",231,475,TRUE
"TAC102",232,471,TRUE
"TAC102",233,468,TRUE
"TAC102",234,468,TRUE
"TAC102",235,463,TRUE
"TAC102",236,454,TRUE
"TAC102",237,456,TRUE
"TAC102",238,456,TRUE
"TAC102",239,456,TRUE
"TAC102",240,455,TRUE
"TAC102",241,457,TRUE
"TAC102",242,453,TRUE
"TAC102",243,456,TRUE
"TAC102",244,456,TRUE
"TAC102",245,448,TRUE
"TAC102",246,443,TRUE
"TAC102",247,441,TRUE
"TAC102",248,439,TRUE
"TAC102",249,437,TRUE
"TAC102",250,436,TRUE
"TAC102",251,441,TRUE
"TAC102",252,443,TRUE
"TAC102",253,442,TRUE
"TAC102",254,441,TRUE
"TAC102",255,437,TRUE
"TAC102",256,435,TRUE
"TAC102",257,433,TRUE
"TAC102",258,431,TRUE
"TAC102",259,433,TRUE
"TAC102",260,427,TRUE
"TAC102",261,426,TRUE
"TAC102",262,425,TRUE
"TAC102",263,428,TRUE
"TAC102",264,435,TRUE
"TAC102",265,434,TRUE
"TAC102",266,434,TRUE
"TAC102",267,436,TRUE
"TAC102",268,441,TRUE
"TAC102",269,438,TRUE
"TAC102",270,441,TRUE
"TAC102",271,444,TRUE
"TAC102",272,446,TRUE
"TAC102",273,446,TRUE
"TAC102",274,449,TRUE
"TAC102",275,450,TRUE
"TAC102",276,446,TRUE
"TAC102",277,449,TRUE
"TAC102",278,452,TRUE
"TAC102",279,449,TRUE
"TAC102",280,450,TRUE
"TAC102",281,450,TRUE
"TAC102",282,456,TRUE
"TAC102",283,465,TRUE
"TAC102",284,470,TRUE
"TAC102",285,469,TRUE
"TAC102",286,472,TRUE
"TAC102",287,470,TRUE
"TAC102",288,464,TRUE
"TAC102",289,471,TRUE
"TAC102",290,475,TRUE
"TAC102",291,476,TRUE
"TAC102",292,471,TRUE
"TAC102",293,471,TRUE
"TAC102",294,471,TRUE
"TAC102",295,466,TRUE
"TAC102",296,468,TRUE
"TAC102",297,465,TRUE
"TAC102",298,466,TRUE
"TAC102",299,471,TRUE
"TAC102",300,471,TRUE
"TAC102",301,478,TRUE
"TAC102",302,477,TRUE
"TAC102",303,476,TRUE
"TAC102",304,480,TRUE
"TAC102",305,478,TRUE
"TAC102",306,477,TRUE
"TAC102",307,475,TRUE
"TAC102",308,467,TRUE
"TAC102",309,471,TRUE
"TAC102",310,470,TRUE
"TAC102",311,471,TRUE
"TAC102",312,474,TRUE
"TAC102",313,473,TRUE
"TAC102",314,477,TRUE
"TAC102",315,479,TRUE
"TAC102",316,478,TRUE
"TAC102",317,477,TRUE
"TAC102",318,477,TRUE
"TAC102",319,478,TRUE
"TAC102",320,475,TRUE
"TAC102",321,472,TRUE
"TAC102",322,465,TRUE
"TAC102",323,469,TRUE
"TAC102",324,467,TRUE
"TAC102",325,465,TRUE
"TAC102",326,468,TRUE
"TAC102",327,469,TRUE
"TAC102",328,462,TRUE
"TAC102",329,459,TRUE
"TAC102",330,456,TRUE
"TAC102",331,461,TRUE
"TAC102",332,460,TRUE
"TAC102",333,459,TRUE
"TAC102",334,460,TRUE
"TAC102",335,463,TRUE
"TAC102",336,462,TRUE
"TAC102",337,459,TRUE
"TAC102",338,459,TRUE
"TAC102",339,460,TRUE
"TAC102",340,458,TRUE
"TAC102",341,458,TRUE
"TAC102",342,457,TRUE
"TAC102",343,456,TRUE
"TAC102",344,454,TRUE
"TAC102",345,455,TRUE
"TAC102",346,452,TRUE
"TAC102",347,448,TRUE
"TAC102",348,448,TRUE
"TAC102",349,452,TRUE
"TAC102",350,451,TRUE
"TAC102",351,444,TRUE
"TAC102",352,446,TRUE
"TAC102",353,452,TRUE
"TAC102",354,455,TRUE
"TAC102",355,456,TRUE
"TAC102",356,456,TRUE
"TAC102",357,455,TRUE
"TAC102",358,456,TRUE
"TAC102",359,461,TRUE
"TAC102",360,458,TRUE
"TAC102",361,456,TRUE
"TAC102",362,454,TRUE
"TAC102",363,452,TRUE
"TAC102",364,454,TRUE
"TAC102",365,456,TRUE
"TAC102",366,452,TRUE
"TAC102",367,453,TRUE
"TAC102",368,456,TRUE
"TAC102",369,449,TRUE
"TAC102",370,447,TRUE
"TAC102",371,450,TRUE
"TAC102",372,452,TRUE
"TAC102",373,450,TRUE
"TAC102",374,445,TRUE
"TAC102",375,446,TRUE
"TAC102",376,452,TRUE
"TAC102",377,448,TRUE
"TAC102",378,452,TRUE
"TAC102",379,452,TRUE
"TAC102",380,456,TRUE
"TAC102",381,451,TRUE
"TAC102",382,446,TRUE
"TAC102",383,440,TRUE
"TAC102",384,442,TRUE
"TAC102",385,444,TRUE
"TAC102",386,443,TRUE
"TAC102",387,444,TRUE
"TAC102",388,444,TRUE
"TAC102",389,444,TRUE
"TAC102",390,441,TRUE
"TAC102",391,446,TRUE
"TAC102",392,440,TRUE
"TAC102",393,446,TRUE
"TAC102",394,448,TRUE
"TAC102",395,447,TRUE
"TAC102",396,446,TRUE
"TAC102",397,445,TRUE
"TAC102",398,445,TRUE
"TAC102",399,442,TRUE
"TAC102",400,439,TRUE
"TAC102",401,436,TRUE
"TAC102",402,432,TRUE
"TAC102",403,433,TRUE
"TAC102",404,431,TRUE
"TAC102",405,436,TRUE
"TAC102",406,439,TRUE
"TAC102",407,443,TRUE
"TAC102",408,441,TRUE
"TAC102",409,439,TRUE
"TAC102",410,441,TRUE
"TAC102",411,440,TRUE
"TAC102",412,438,TRUE
"TAC102",413,436,TRUE
"TAC102",414,435,TRUE
"TAC102",415,438,TRUE
"TAC102",416,444,TRUE
"TAC102",417,448,TRUE
"TAC102",418,444,TRUE
"TAC102",419,441,TRUE
"TAC102",420,443,TRUE
"TAC102",421,451,TRUE
"TAC102",422,448,TRUE
"TAC102",423,447,TRUE
"TAC102",424,446,TRUE
"TAC102",425,445,TRUE
"TAC102",426,441,TRUE
"TAC102",427,440,TRUE
"TAC102",428,442,TRUE
"TAC102",429,434,TRUE
"TAC102",430,432,TRUE
"TAC102",431,432,TRUE
"TAC102",432,432,TRUE
"TAC102",433,433,TRUE
"TAC102",434,431,TRUE
"TAC102",435,429,TRUE
"TAC102",436,427,TRUE
"TAC102",437,429,TRUE
"TAC102",438,432,TRUE
"TAC102",439,430,TRUE
"TAC102",440,427,TRUE
"TAC102",441,426,TRUE
"TAC102",442,426,TRUE
"TAC102",443,429,TRUE
"TAC102",444,429,TRUE
"TAC102",445,432,TRUE
"TAC102",446,431,TRUE
"TAC102",447,429,TRUE
"TAC102",448,429,TRUE
"TAC102",449,434,TRUE
"TAC102",450,435,TRUE
"TAC102",451,437,TRUE
"TAC102",452,435,TRUE
"TAC102",453,431,TRUE
"TAC102",454,432,TRUE
"TAC102",455,429,TRUE
"TAC102",456,427,TRUE
"TAC102",457,425,TRUE
"TAC102",458,422,TRUE
"TAC102",459,426,TRUE
"TAC102",460,420,TRUE
"TAC102",461,419,TRUE
"TAC102",462,421,TRUE
"TAC102",463,415,TRUE
"TAC102",464,417,TRUE
"TAC102",465,415,TRUE
"TAC102",466,414,TRUE
"TAC102",467,413,TRUE
"TAC102",468,412,TRUE
"TAC102",469,414,TRUE
"TAC102",470,414,TRUE
"TAC102",471,409,TRUE
"TAC102",472,410,TRUE
"TAC102",473,413,TRUE
"TAC102",474,419,TRUE
"TAC102",475,418,TRUE
"TAC102",476,418,TRUE
"TAC102",477,416,TRUE
"TAC102",478,413,TRUE
"TAC102",479,415,TRUE
"TAC102",480,417,TRUE
"TAC102",481,424,TRUE
"TAC102",482,425,TRUE
"TAC102",483,427,TRUE
"TAC102",484,425,TRUE
"TAC102",485,426,TRUE
"TAC102",486,425,TRUE
"TAC102",487,424,TRUE
"TAC102",488,419,TRUE
"TAC102",489,422,TRUE
"TAC102",490,424,TRUE
"TAC102",491,424,TRUE
"TAC102",492,423,TRUE
"TAC102",493,420,TRUE
"TAC102",494,421,TRUE
"TAC102",495,416,TRUE
"TAC102",496,421,TRUE
"TAC102",497,425,TRUE
"TAC102",498,426,TRUE
"TAC102",499,425,TRUE
"TAC102",500,428,TRUE
"TAC102",501,429,TRUE
"TAC102",502,425,TRUE
"TAC102",503,425,TRUE
"TAC102",504,418,TRUE
"TAC102",505,415,TRUE
"TAC102",506,413,TRUE
"TAC102",507,415,TRUE
"TAC102",508,417,TRUE
"TAC102",509,418,TRUE
"TAC102",510,419,TRUE
"TAC102",511,421,TRUE
"TAC102",512,425,TRUE
"TAC102",513,423,TRUE
"TAC102",514,423,TRUE
"TAC102",515,417,TRUE
"TAC102",516,412,TRUE
"TAC102",517,416,TRUE
"TAC102",518,415,TRUE
"TAC102",519,419,TRUE
"TAC102",520,417,TRUE
"TAC102",521,417,TRUE
"TAC102",522,418,TRUE
"TAC102",523,419,TRUE
"TAC102",524,418,TRUE
"TAC102",525,418,TRUE
"TAC102",526,416,TRUE
"TAC102",527,419,TRUE
"TAC102",528,422,TRUE
"TAC102",529,425,TRUE
"TAC102",530,421,TRUE
"TAC102",531,419,TRUE
"TAC102",532,422,TRUE
"TAC102",533,421,TRUE
"TAC102",534,421,TRUE
"TAC102",535,423,TRUE
"TAC102",536,426,TRUE
"TAC102",537,426,TRUE
"TAC102",538,423,TRUE
"TAC102",539,421,TRUE
"TAC102",540,420,TRUE
"TAC102",541,419,TRUE
"TAC102",542,419,TRUE
"TAC102",543,417,TRUE
"TAC102",544,418,TRUE
"TAC102",545,416,TRUE
"TAC102",546,405,TRUE
"TAC102",547,409,TRUE
"TAC102",548,399,TRUE
"TAC102",549,393,TRUE
"TAC102",550,392,TRUE
"TAC102",551,392,TRUE
"TAC102",552,396,TRUE
"TAC102",553,396,TRUE
"TAC102",554,397,TRUE
"TAC102",555,397,TRUE
"TAC102",556,395,TRUE
"TAC102",557,395,TRUE
"TAC102",558,389,TRUE
"TAC102",559,386,TRUE
"TAC102",560,393,TRUE
"TAC102",561,390,TRUE
"TAC102",562,387,TRUE
"TAC102",563,391,TRUE
"TAC102",564,392,TRUE
"TAC102",565,395,TRUE
"TAC102",566,390,TRUE
"TAC102",567,390,TRUE
"TAC102",568,392,TRUE
"TAC102",569,389,TRUE
"TAC102",570,390,TRUE
"TAC102",571,388,TRUE
"TAC102",572,383,TRUE
"TAC102",573,383,TRUE
"TAC102",574,383,TRUE
"TAC102",575,386,TRUE
"TAC102",576,392,TRUE
"TAC102",577,390,TRUE
"TAC102",578,390,TRUE
"TAC102",579,390,TRUE
"TAC102",580,383,TRUE
"TAC102",581,384,TRUE
"TAC102",582,388,TRUE
"TAC102",583,390,TRUE
"TAC102",584,389,TRUE
"TAC102",585,394,TRUE
"TAC102",586,398,TRUE
"TAC102",587,400,TRUE
"TAC102",588,397,TRUE
"TAC102",589,389,TRUE
"TAC102",590,389,TRUE
"TAC102",591,389,TRUE
"TAC102",592,389,TRUE
"TAC102",593,391,TRUE
"TAC102",594,390,TRUE
"TAC102",595,392,TRUE
"TAC102",596,389,TRUE
"TAC102",597,389,TRUE
"TAC102",598,385,TRUE
"TAC102",599,381,TRUE
"TAC102",600,379,TRUE
"TAC102",601,377,TRUE
"TAC102",602,378,TRUE
"TAC102",603,378,TRUE
"TAC102",604,376,TRUE
"TAC102",605,376,TRUE
"TAC102",606,373,TRUE
"TAC102",607,367,TRUE
"TAC102",608,362,TRUE
"TAC102",609,357,TRUE
"TAC102",610,358,TRUE
"TAC102",611,352,TRUE
"TAC102",612,350,TRUE
"TAC102",613,349,TRUE
"TAC102",614,349,TRUE
"TAC102",615,343,TRUE
"TAC102",616,339,TRUE
"TAC102",617,337,TRUE
"TAC102",618,332,TRUE
"TAC102",619,329,TRUE
"TAC102",620,324,TRUE
"TAC102",621,318,TRUE
"TAC102",622,317,TRUE
"TAC102",623,315,TRUE
"TAC102",624,313,TRUE
"TAC102",625,312,TRUE
"TAC102",626,307,TRUE
"TAC102",627,297,TRUE
"TAC102",628,297,TRUE
"TAC102",629,292,TRUE
"TAC102",630,292,TRUE
"TAC102",631,289,TRUE
"TAC102",632,286,TRUE
"TAC102",633,283,TRUE
"TAC102",634,279,TRUE
"TAC102",635,276,TRUE
"TAC102",636,272,TRUE
"TAC102",637,269,TRUE
"TAC102",638,268,TRUE
"TAC102",639,264,TRUE
"TAC102",640,262,TRUE
"TAC102",641,260,TRUE
"TAC102",642,255,TRUE
"TAC102",643,252,TRUE
"TAC102",644,248,TRUE
"TAC102",645,245,TRUE
"TAC102",646,236,TRUE
"TAC102",647,232,TRUE
"TAC102",648,212,TRUE
"TAC102",649,0,FALSE
"TAC102",650,0,FALSE
"TAC102",651,0,FALSE
"TAC102",652,0,FALSE
"TAC102",653,0,FALSE
"TAC102",654,0,FALSE
"TAC102",655,0,FALSE
"TAC102",656,0,FALSE
"TAC102",657,0,FALSE
"TAC102",658,0,FALSE
"TAC102",659,0,FALSE
"TAC102",660,0,FALSE
"TAC102",661,0,FALSE
"TAC102",662,0,FALSE
"TAC102",663,0,FALSE
"TAC102",664,0,FALSE
"TAC102",665,0,FALSE
"TAC102",666,0,FALSE
"TAC102",667,0,FALSE
"TAC102",668,0,FALSE
"TAC102",669,0,FALSE
"TAC102",670,0,FALSE
"TAC102",671,0,FALSE
"TAC102",672,0,FALSE
"TAC102",673,0,FALSE
"TAC102",674,0,FALSE
"TAC102",675,0,FALSE
"TAC102",676,0,FALSE
"TAC102",677,0,FALSE
"TAC102",678,0,FALSE
"TAC102",679,0,FALSE
"TAC102",680,0,FALSE
"TAC102",681,0,FALSE
"TAC102",682,0,FALSE
"TAC102",683,0,FALSE
"TAC102",684,0,FALSE
"TAC102",685,0,FALSE
"TAC102",686,0,FALSE
"TAC102",687,0,FALSE
"TAC102",688,0,FALSE
"TAC102",689,0,FALSE
"TAC102",690,0,FALSE
"TAC102",691,0,FALSE
"TAC102",692,0,FALSE
"TAC102",693,0,FALSE
"TAC102",694,0,FALSE
"TAC102",695,0,FALSE
"TAC102",696,0,FALSE
"TAC102",697,0,FALSE
"TAC102",698,0,FALSE
"TAC102",699,0,FALSE
"TAC102",700,0,FALSE
"TAC102",701,0,FALSE
"TAC102",702,0,FALSE
"TAC102",703,0,FALSE
"TAC102",704,0,FALSE
"TAC102",705,0,FALSE
"TAC102",706,0,FALSE
"TAC102",707,0,FALSE
"TAC102",708,0,FALSE
"TAC102",709,0,FALSE
"TAC102",710,0,FALSE
"TAC102",711,0,FALSE
"TAC102",712,0,FALSE
"TAC102",713,0,FALSE
"TAC102",714,0,FALSE
"TAC102",715,0,FALSE
"TAC102",716,0,FALSE
"TAC102",717,0,FALSE
"TAC102",718,0,FALSE
"TAC102",719,0,FALSE
"TAC102",720,0,FALSE
"TAC102",721,0,FALSE
"TAC102",722,0,FALSE
"TAC102",723,0,FALSE
"TAC102",724,0,FALSE
"TAC102",725,0,FALSE
"TAC102",726,0,FALSE
"TAC102",727,0,FALSE
"TAC102",728,0,FALSE
"TAC102",729,0,FALSE
"TAC102",730,0,FALSE
"TAC102",731,0,FALSE
"TAC102",732,0,FALSE
"TAC102",733,179,TRUE
"TAC102",734,185,TRUE
"TAC102",735,195,TRUE
"TAC102",736,198,TRUE
"TAC102",737,202,TRUE
"TAC102",738,204,TRUE
"TAC102",739,205,TRUE
"TAC102",740,208,TRUE
"TAC102",741,209,TRUE
"TAC102",742,216,TRUE
"TAC102",743,223,TRUE
"TAC102",744,226,TRUE
"TAC102",745,227,TRUE
"TAC102",746,229,TRUE
"TAC102",747,240,TRUE
"TAC102",748,244,TRUE
"TAC102",749,245,TRUE
"TAC102",750,249,TRUE
"TAC102",751,249,TRUE
"TAC102",752,257,TRUE
"TAC102",753,263,TRUE
"TAC102",754,265,TRUE
"TAC102",755,267,TRUE
"TAC102",756,274,TRUE
"TAC102",757,276,TRUE
"TAC102",758,279,TRUE
"TAC102",759,280,TRUE
"TAC102",760,285,TRUE
"TAC102",761,290,TRUE
"TAC102",762,298,TRUE
"TAC102",763,301,TRUE
"TAC102",764,304,TRUE
"TAC102",765,307,TRUE
"TAC102",766,312,TRUE
"TAC102",767,317,TRUE
"TAC102",768,321,TRUE
"TAC102",769,322,TRUE
"TAC102",770,322,TRUE
"TAC102",771,324,TRUE
"TAC102",772,323,TRUE
"TAC102",773,328,TRUE
"TAC102",774,329,TRUE
"TAC102",775,331,TRUE
"TAC102",776,333,TRUE
"TAC102",777,334,TRUE
"TAC102",778,334,TRUE
"TAC102",779,335,TRUE
"TAC102",780,335,TRUE
"TAC102",781,339,TRUE
"TAC102",782,342,TRUE
"TAC102",783,342,TRUE
"TAC102",784,344,TRUE
"TAC102",785,344,TRUE
"TAC102",786,339,TRUE
"TAC102",787,335,TRUE
"TAC102",788,335,TRUE
"TAC102",789,329,TRUE
"TAC102",790,235,TRUE
"TAC102",791,235,TRUE
"TAC102",792,235,TRUE
"TAC102",793,235,TRUE
"TAC102",794,235,TRUE
"TAC102",795,235,TRUE
"TAC102",796,235,TRUE
"TAC102",797,235,TRUE
"TAC102",798,235,TRUE
"TAC102",799,235,TRUE
"TAC102",800,235,TRUE
"TAC102",801,235,TRUE
"TAC102",802,235,TRUE
"TAC102",803,235,TRUE
"TAC102",804,235,TRUE
"TAC102",805,235,TRUE
"TAC102",806,235,TRUE
"TAC102",807,235,TRUE
"TAC102",808,314,TRUE
"TAC102",809,318,TRUE
"TAC102",810,318,TRUE
"TAC102",811,320,TRUE
"TAC102",812,341,TRUE
"TAC102",813,343,TRUE
"TAC102",814,345,TRUE
"TAC102",815,346,TRUE
"TAC102",816,349,TRUE
"TAC102",817,354,TRUE
"TAC102",818,360,TRUE
"TAC102",819,359,TRUE
"TAC102",820,360,TRUE
"TAC102",821,361,TRUE
"TAC102",822,366,TRUE
"TAC102",823,371,TRUE
"TAC102",824,375,TRUE
"TAC102",825,372,TRUE
"TAC102",826,373,TRUE
"TAC102",827,372,TRUE
"TAC102",828,369,TRUE
"TAC102",829,369,TRUE
"TAC102",830,369,TRUE
"TAC102",831,369,TRUE
"TAC102",832,365,TRUE
"TAC102",833,366,TRUE
"TAC102",834,370,TRUE
"TAC102",835,364,TRUE
"TAC102",836,367,TRUE
"TAC102",837,370,TRUE
"TAC102",838,371,TRUE
"TAC102",839,375,TRUE
"TAC102",840,373,TRUE
"TAC102",841,370,TRUE
"TAC102",842,373,TRUE
"TAC102",843,372,TRUE
"TAC102",844,376,TRUE
"TAC102",845,375,TRUE
"TAC102",846,372,TRUE
"TAC102",847,369,TRUE
"TAC102",848,370,TRUE
"TAC102",849,369,TRUE
"TAC102",850,374,TRUE
"TAC102",851,370,TRUE
"TAC102",852,369,TRUE
"TAC102",853,366,TRUE
"TAC102",854,366,TRUE
"TAC102",855,369,TRUE
"TAC102",856,365,TRUE
"TAC102",857,368,TRUE
"TAC102",858,369,TRUE
"TAC102",859,369,TRUE
"TAC102",860,370,TRUE
"TAC102",861,363,TRUE
"TAC102",862,368,TRUE
"TAC102",863,367,TRUE
"TAC102",864,369,TRUE
"TAC102",865,366,TRUE
"TAC102",866,365,TRUE
"TAC102",867,363,TRUE
"TAC102",868,365,TRUE
"TAC102",869,364,TRUE
"TAC102",870,365,TRUE
"TAC102",871,362,TRUE
"TAC102",872,363,TRUE
"TAC102",873,362,TRUE
"TAC102",874,361,TRUE
"TAC102",875,360,TRUE
"TAC102",876,360,TRUE
"TAC102",877,358,TRUE
"TAC102",878,356,TRUE
"TAC102",879,357,TRUE
"TAC102",880,355,TRUE
"TAC102",881,353,TRUE
"TAC102",882,354,TRUE
"TAC102",883,360,TRUE
"TAC102",884,360,TRUE
"TAC102",885,362,TRUE
"TAC102",886,359,TRUE
"TAC102",887,359,TRUE
"TAC102",888,361,TRUE
"TAC102",889,357,TRUE
"TAC102",890,357,TRUE
"TAC102",891,351,TRUE
"TAC102",892,349,TRUE
"TAC102",893,349,TRUE
"TAC102",894,347,TRUE
"TAC102",895,346,TRUE
"TAC102",896,344,TRUE
"TAC102",897,350,TRUE
"TAC102",898,351,TRUE
"TAC102",899,346,TRUE
"TAC102",900,345,TRUE
"TAC102",901,344,TRUE
"TAC102",902,345,TRUE
"TAC102",903,340,TRUE
"TAC102",904,336,TRUE
"TAC102",905,337,TRUE
"TAC102",906,334,TRUE
"TAC102",907,333,TRUE
"TAC102",908,330,TRUE
"TAC102",909,328,TRUE
"TAC102",910,326,TRUE
"TAC102",911,324,TRUE
"TAC102",912,320,TRUE
"TAC102",913,317,TRUE
"TAC102",914,315,TRUE
"TAC102",915,312,TRUE
"TAC102",916,309,TRUE
"TAC102",917,303,TRUE
"TAC102",918,297,TRUE
"TAC102",919,296,TRUE
"TAC102",920,295,TRUE
"TAC102",921,293,TRUE
"TAC102",922,288,TRUE
"TAC102",923,282,TRUE
"TAC102",924,281,TRUE
"TAC102",925,279,TRUE
"TAC102",926,272,TRUE
"TAC102",927,271,TRUE
"TAC102",928,270,TRUE
"TAC102",929,269,TRUE
"TAC102",930,265,TRUE
"TAC102",931,261,TRUE
"TAC102",932,258,TRUE
"TAC102",933,255,TRUE
"TAC102",934,244,TRUE
"TAC102",935,191,TRUE
"TAC102",936,191,TRUE
"TAC102",937,191,TRUE
"TAC102",938,191,TRUE
"TAC102",939,191,TRUE
"TAC102",940,191,TRUE
"TAC102",941,191,TRUE
"TAC102",942,191,TRUE
"TAC102",943,191,TRUE
"TAC102",944,191,TRUE
"TAC102",945,191,TRUE
"TAC102",946,191,TRUE
"TAC102",947,191,TRUE
"TAC102",948,191,TRUE
"TAC102",949,187,TRUE
"TAC102",950,181,TRUE
"TAC102",951,172,TRUE
