pair_id,tac102_pos,aa_N,aa_C
SRR7910035.10897477,681,E,K
SRR7910035.10897477,682,K,R
SRR7910035.10897477,683,K,G
SRR7910035.10897477,684,K,R
SRR7910035.10897477,685,K,T
SRR7910035.10897477,686,D,R
SRR7910035.10897477,689,D,E
SRR7910035.10897477,690,A,G
SRR7910035.10897477,691,R,E
SRR7910035.10897477,692,K,E
SRR7910035.10897477,694,A,D
SRR7910035.10897477,695,G,K
SRR7910035.10897477,696,K,G
SRR7910035.10897477,698,M,K
SRR7910035.10897477,699,S,T
SRR7910035.10897477,701,D,G
SRR7910035.10897477,702,A,G
SRR7910035.10897477,705,R,E
SRR7910035.10897477,706,G,K
SRR7910035.10897477,707,K,G
SRR7910035.10897477,708,E,S
SRR7910035.10897477,711,G,A
SRR7910035.12937012,676,E,K
SRR7910035.12937012,677,K,R
SRR7910035.12937012,678,K,G
SRR7910035.12937012,679,A,R
SRR7910035.12937012,680,S,T
SRR7910035.12937012,681,E,R
SRR7910035.12937012,683,K,E
SRR7910035.12937012,684,K,E
SRR7910035.12937012,685,K,G
SRR7910035.12937012,686,D,E
SRR7910035.12937012,687,K,E
SRR7910035.12937012,688,E,K
SRR7910035.12937012,690,A,K
SRR7910035.12937012,691,R,G
SRR7910035.12937012,694,A,T
SRR7910035.12937012,695,G,K
SRR7910035.12937012,696,K,G
SRR7910035.12937012,697,K,G
SRR7910035.12937012,698,R,K
SRR7910035.12937012,699,S,K
SRR7910035.12937012,700,K,E
SRR7910035.12937012,701,A,K
SRR7910035.12937012,702,A,G
SRR7910035.12937012,703,R,S
SRR7910035.12937012,705,R,K
SRR7910035.12937012,706,G,A
SRR7910035.1964432,669,A,K
SRR7910035.1964432,670,T,R
SRR7910035.1964432,671,K,G
SRR7910035.1964432,672,K,R
SRR7910035.1964432,673,R,T
SRR7910035.1964432,674,K,R
SRR7910035.1964432,675,A,K
SRR7910035.1964432,677,K,E
SRR7910035.1964432,678,K,G
SRR7910035.1964432,679,A,E
SRR7910035.1964432,680,S,E
SRR7910035.1964432,681,E,K
SRR7910035.1964432,682,K,D
SRR7910035.1964432,684,K,G
SRR7910035.1964432,686,D,K
SRR7910035.1964432,687,K,T
SRR7910035.1964432,688,E,K
SRR7910035.1964432,689,D,G
SRR7910035.1964432,690,A,G
SRR7910035.1964432,691,R,K
SRR7910035.1964432,693,K,E
SRR7910035.1964432,694,A,K
SRR7910035.1964432,696,K,S
SRR7910035.1964432,698,M,K
SRR7910035.1964432,699,S,A
SRR7910035.1964432,700,K,A
SRR7910035.1964432,701,A,K
SRR7910035.1964432,702,A,S
SRR7910035.1964432,703,K,M
SRR7910035.1970792,688,E,K
SRR7910035.1970792,689,D,R
SRR7910035.1970792,690,A,G
SRR7910035.1970792,692,K,T
SRR7910035.1970792,693,N,R
SRR7910035.1970792,694,A,K
SRR7910035.1970792,696,K,E
SRR7910035.1970792,697,K,G
SRR7910035.1970792,698,R,E
SRR7910035.1970792,699,S,E
SRR7910035.1970792,701,A,D
SRR7910035.1970792,702,T,K
SRR7910035.1970792,703,K,G
SRR7910035.1970792,705,S,K
SRR7910035.21584664,684,K,R
SRR7910035.24197645,669,A,K
SRR7910035.24197645,670,T,R
SRR7910035.24197645,671,K,G
SRR7910035.24197645,672,K,R
SRR7910035.24197645,673,R,T
SRR7910035.24197645,674,K,R
SRR7910035.24197645,675,T,K
SRR7910035.24197645,677,K,E
SRR7910035.24197645,678,K,G
SRR7910035.24197645,679,G,E
SRR7910035.24197645,680,S,E
SRR7910035.24697138,675,A,R
SRR7910035.24697138,676,E,G
SRR7910035.24697138,677,K,R
SRR7910035.24697138,678,K,T
SRR7910035.24697138,679,P,R
SRR7910035.24697138,680,S,K
SRR7910035.24697138,682,K,E
SRR7910035.24697138,683,K,G
SRR7910035.24697138,684,T,E
SRR7910035.24697138,685,K,E
SRR7910035.24697138,686,D,K
SRR7910035.24697138,687,K,D
SRR7910035.24697138,688,E,K
SRR7910035.24697138,689,D,G
SRR7910035.24697138,690,A,K
SRR7910035.24697138,691,R,K
SRR7910035.24697138,693,Q,K
SRR7910035.24697138,694,A,G
SRR7910035.24697138,697,N,K
SRR7910035.24697138,698,V,E
SRR7910035.24697138,699,S,K
SRR7910035.24697138,700,K,G
SRR7910035.3359319,670,T,K
SRR7910035.3359319,671,K,R
SRR7910035.3359319,672,K,G
SRR7910035.3359319,674,K,T
SRR7910035.3359319,675,A,R
SRR7910035.3359319,676,E,K
SRR7910035.3359319,677,K,E
SRR7910035.3359319,678,K,E
SRR7910035.3359319,679,A,G
SRR7910035.3359319,680,S,E
SRR7910035.3359319,682,Q,K
SRR7910035.3359319,683,K,D
SRR7910035.3359319,685,K,G
SRR7910035.3359319,686,D,K
SRR7910035.3359319,688,E,T
SRR7910035.3359319,689,D,K
SRR7910035.3359319,690,D,G
SRR7910035.3359319,691,R,G
SRR7910035.3359319,694,A,E
SRR7910035.3359319,695,G,K
SRR7910035.3359319,696,K,G
SRR7910035.3359319,697,K,S
SRR7910035.3359319,698,M,K
SRR7910035.3359319,699,S,K
SRR7910035.3359319,700,K,A
SRR7910035.3359319,702,A,K
SRR7910035.3359319,703,K,S
SRR7910035.3359319,704,K,M
SRR7910035.3359319,705,S,K
SRR7910035.3359319,706,G,K
SRR7910035.3359319,707,R,G
SRR7910035.3359319,708,E,A
SRR7910035.3831778,706,R,G
SRR7910035.3831778,707,K,R
SRR7910035.3831778,708,V,T
SRR7910035.3831778,709,K,L
SRR7910035.3831778,711,G,E
SRR7910035.3831778,712,R,E
SRR7910035.621828,674,N,G
SRR7910035.621828,675,A,R
SRR7910035.621828,676,E,T
SRR7910035.621828,677,K,R
SRR7910035.621828,679,X,E
SRR7910035.621828,680,P,E
SRR7910035.621828,681,E,G
SRR7910035.621828,682,K,E
SRR7910035.621828,683,K,E
SRR7910035.621828,685,K,D
SRR7910035.621828,686,D,K
