pair_id,tac102_pos,aa_N,aa_C,codon_N,codon_C,frame_N,frame_C,nt_length_N,nt_length_C,overlap_start,overlap_end,overlap_len_aa,N_is_Lys,C_is_Lys,N_is_Glu,C_is_Glu,conflict_class
SRR7910035.10897477,681,E,K,GAA,GAA,frame_consistent,frame_consistent,189,156,681,711,31,FALSE,FALSE,TRUE,TRUE,nucleotide_identical_translation_discrepancy
SRR7910035.10897477,682,K,R,AAG,AAG,frame_consistent,frame_consistent,189,156,681,711,31,TRUE,TRUE,FALSE,FALSE,nucleotide_identical_translation_discrepancy
SRR7910035.10897477,683,K,G,AAG,AAG,frame_consistent,frame_consistent,189,156,681,711,31,TRUE,TRUE,FALSE,FALSE,nucleotide_identical_translation_discrepancy
SRR7910035.10897477,684,K,R,AAG,AAG,frame_consistent,frame_consistent,189,156,681,711,31,TRUE,TRUE,FALSE,FALSE,nucleotide_identical_translation_discrepancy
SRR7910035.10897477,685,K,T,AAG,AAG,frame_consistent,frame_consistent,189,156,681,711,31,TRUE,TRUE,FALSE,FALSE,nucleotide_identical_translation_discrepancy
SRR7910035.10897477,686,D,R,GAC,GAA,frame_consistent,frame_consistent,189,156,681,711,31,FALSE,FALSE,FALSE,TRUE,nonsynonymous_nucleotide_difference
SRR7910035.10897477,689,D,E,GAT,GAT,frame_consistent,frame_consistent,189,156,681,711,31,FALSE,FALSE,FALSE,FALSE,nucleotide_identical_translation_discrepancy
SRR7910035.10897477,690,A,G,GCC,GCC,frame_consistent,frame_consistent,189,156,681,711,31,FALSE,FALSE,FALSE,FALSE,nucleotide_identical_translation_discrepancy
SRR7910035.10897477,691,R,E,CGG,CGG,frame_consistent,frame_consistent,189,156,681,711,31,FALSE,FALSE,FALSE,FALSE,nucleotide_identical_translation_discrepancy
SRR7910035.10897477,692,K,E,AAG,AAG,frame_consistent,frame_consistent,189,156,681,711,31,TRUE,TRUE,FALSE,FALSE,nucleotide_identical_translation_discrepancy
SRR7910035.10897477,694,A,D,GCG,GCG,frame_consistent,frame_consistent,189,156,681,711,31,FALSE,FALSE,FALSE,FALSE,nucleotide_identical_translation_discrepancy
SRR7910035.10897477,695,G,K,GGA,GGA,frame_consistent,frame_consistent,189,156,681,711,31,FALSE,FALSE,FALSE,FALSE,nucleotide_identical_translation_discrepancy
SRR7910035.10897477,696,K,G,AAG,AAG,frame_consistent,frame_consistent,189,156,681,711,31,TRUE,TRUE,FALSE,FALSE,nucleotide_identical_translation_discrepancy
SRR7910035.10897477,698,M,K,CTG,CTG,frame_consistent,frame_consistent,189,156,681,711,31,FALSE,FALSE,FALSE,FALSE,nucleotide_identical_translation_discrepancy
SRR7910035.10897477,699,S,T,TCA,TCA,frame_consistent,frame_consistent,189,156,681,711,31,FALSE,FALSE,FALSE,FALSE,nucleotide_identical_translation_discrepancy
SRR7910035.10897477,701,D,G,GAT,GCT,frame_consistent,frame_consistent,189,156,681,711,31,FALSE,FALSE,FALSE,FALSE,nonsynonymous_nucleotide_difference
SRR7910035.10897477,702,A,G,GCG,GCG,frame_consistent,frame_consistent,189,156,681,711,31,FALSE,FALSE,FALSE,FALSE,nucleotide_identical_translation_discrepancy
SRR7910035.10897477,705,R,E,AGG,AGT,frame_consistent,frame_consistent,189,156,681,711,31,FALSE,FALSE,FALSE,FALSE,nonsynonymous_nucleotide_difference
SRR7910035.10897477,706,G,K,GGA,GGA,frame_consistent,frame_consistent,189,156,681,711,31,FALSE,FALSE,FALSE,FALSE,nucleotide_identical_translation_discrepancy
SRR7910035.10897477,707,K,G,AAG,AAG,frame_consistent,frame_consistent,189,156,681,711,31,TRUE,TRUE,FALSE,FALSE,nucleotide_identical_translation_discrepancy
SRR7910035.10897477,708,E,S,GAG,GAG,frame_consistent,frame_consistent,189,156,681,711,31,FALSE,FALSE,TRUE,TRUE,nucleotide_identical_translation_discrepancy
SRR7910035.10897477,711,G,A,GGG,GGT,frame_consistent,frame_consistent,189,156,681,711,31,FALSE,FALSE,FALSE,FALSE,nonsynonymous_nucleotide_difference
SRR7910035.12937012,676,E,K,GAG,GAG,frame_inconsistent,frame_consistent,175,171,676,706,31,FALSE,FALSE,TRUE,TRUE,nucleotide_identical_translation_discrepancy
SRR7910035.12937012,677,K,R,AAA,AAA,frame_inconsistent,frame_consistent,175,171,676,706,31,TRUE,TRUE,FALSE,FALSE,nucleotide_identical_translation_discrepancy
SRR7910035.12937012,678,K,G,AAG,AAG,frame_inconsistent,frame_consistent,175,171,676,706,31,TRUE,TRUE,FALSE,FALSE,nucleotide_identical_translation_discrepancy
SRR7910035.12937012,679,A,R,GCC,GCC,frame_inconsistent,frame_consistent,175,171,676,706,31,FALSE,FALSE,FALSE,FALSE,nucleotide_identical_translation_discrepancy
SRR7910035.12937012,680,S,T,TCT,TCT,frame_inconsistent,frame_consistent,175,171,676,706,31,FALSE,FALSE,FALSE,FALSE,nucleotide_identical_translation_discrepancy
SRR7910035.12937012,681,E,R,GAA,GAA,frame_inconsistent,frame_consistent,175,171,676,706,31,FALSE,FALSE,TRUE,TRUE,nucleotide_identical_translation_discrepancy
SRR7910035.12937012,683,K,E,AAG,AAG,frame_inconsistent,frame_consistent,175,171,676,706,31,TRUE,TRUE,FALSE,FALSE,nucleotide_identical_translation_discrepancy
SRR7910035.12937012,684,K,E,AAG,AAG,frame_inconsistent,frame_consistent,175,171,676,706,31,TRUE,TRUE,FALSE,FALSE,nucleotide_identical_translation_discrepancy
SRR7910035.12937012,685,K,G,AAG,AAG,frame_inconsistent,frame_consistent,175,171,676,706,31,TRUE,TRUE,FALSE,FALSE,nucleotide_identical_translation_discrepancy
SRR7910035.12937012,686,D,E,GAC,GAC,frame_inconsistent,frame_consistent,175,171,676,706,31,FALSE,FALSE,FALSE,FALSE,nucleotide_identical_translation_discrepancy
SRR7910035.12937012,687,K,E,AAG,AAG,frame_inconsistent,frame_consistent,175,171,676,706,31,TRUE,TRUE,FALSE,FALSE,nucleotide_identical_translation_discrepancy
SRR7910035.12937012,688,E,K,GAG,GAG,frame_inconsistent,frame_consistent,175,171,676,706,31,FALSE,FALSE,TRUE,TRUE,nucleotide_identical_translation_discrepancy
SRR7910035.12937012,690,A,K,GCA,GCC,frame_inconsistent,frame_consistent,175,171,676,706,31,FALSE,FALSE,FALSE,FALSE,frame_inconsistent_tail
SRR7910035.12937012,691,R,G,CGG,CGG,frame_inconsistent,frame_consistent,175,171,676,706,31,FALSE,FALSE,FALSE,FALSE,nucleotide_identical_translation_discrepancy
SRR7910035.12937012,694,A,T,GCG,GCG,frame_inconsistent,frame_consistent,175,171,676,706,31,FALSE,FALSE,FALSE,FALSE,nucleotide_identical_translation_discrepancy
SRR7910035.12937012,695,G,K,GGA,GGA,frame_inconsistent,frame_consistent,175,171,676,706,31,FALSE,FALSE,FALSE,FALSE,nucleotide_identical_translation_discrepancy
SRR7910035.12937012,696,K,G,AAG,AAG,frame_inconsistent,frame_consistent,175,171,676,706,31,TRUE,TRUE,FALSE,FALSE,nucleotide_identical_translation_discrepancy
SRR7910035.12937012,697,K,G,AAG,AAG,frame_inconsistent,frame_consistent,175,171,676,706,31,TRUE,TRUE,FALSE,FALSE,nucleotide_identical_translation_discrepancy
SRR7910035.12937012,698,R,K,CGG,CTG,frame_inconsistent,frame_consistent,175,171,676,706,31,FALSE,FALSE,FALSE,FALSE,frame_inconsistent_tail
SRR7910035.12937012,699,S,K,TCA,TCA,frame_inconsistent,frame_consistent,175,171,676,706,31,FALSE,FALSE,FALSE,FALSE,nucleotide_identical_translation_discrepancy
SRR7910035.12937012,700,K,E,AAG,AAG,frame_inconsistent,frame_consistent,175,171,676,706,31,TRUE,TRUE,FALSE,FALSE,nucleotide_identical_translation_discrepancy
SRR7910035.12937012,701,A,K,GCT,GCT,frame_inconsistent,frame_consistent,175,171,676,706,31,FALSE,FALSE,FALSE,FALSE,nucleotide_identical_translation_discrepancy
SRR7910035.12937012,702,A,G,GCG,GCG,frame_inconsistent,frame_consistent,175,171,676,706,31,FALSE,FALSE,FALSE,FALSE,nucleotide_identical_translation_discrepancy
SRR7910035.12937012,703,R,S,AGA,AAG,frame_inconsistent,frame_consistent,175,171,676,706,31,FALSE,TRUE,FALSE,FALSE,frame_inconsistent_tail
SRR7910035.12937012,705,R,K,AGG,AGT,frame_inconsistent,frame_consistent,175,171,676,706,31,FALSE,FALSE,FALSE,FALSE,frame_inconsistent_tail
SRR7910035.12937012,706,G,A,GGA,GGA,frame_inconsistent,frame_consistent,175,171,676,706,31,FALSE,FALSE,FALSE,FALSE,nucleotide_identical_translation_discrepancy
SRR7910035.1964432,669,A,K,GCA,GGC,frame_inconsistent,frame_inconsistent,166,193,669,703,35,FALSE,FALSE,FALSE,FALSE,frame_inconsistent_tail
SRR7910035.1964432,670,T,R,ACC,AAC,frame_inconsistent,frame_inconsistent,166,193,669,703,35,FALSE,FALSE,FALSE,FALSE,frame_inconsistent_tail
SRR7910035.1964432,671,K,G,AAG,CAA,frame_inconsistent,frame_inconsistent,166,193,669,703,35,TRUE,FALSE,FALSE,FALSE,frame_inconsistent_tail
SRR7910035.1964432,672,K,R,AAA,GAA,frame_inconsistent,frame_inconsistent,166,193,669,703,35,TRUE,FALSE,FALSE,TRUE,frame_inconsistent_tail
SRR7910035.1964432,673,R,T,AGG,AAG,frame_inconsistent,frame_inconsistent,166,193,669,703,35,FALSE,TRUE,FALSE,FALSE,frame_inconsistent_tail
SRR7910035.1964432,674,K,R,AAA,GAA,frame_inconsistent,frame_inconsistent,166,193,669,703,35,TRUE,FALSE,FALSE,TRUE,frame_inconsistent_tail
SRR7910035.1964432,675,A,K,GCT,AGC,frame_inconsistent,frame_inconsistent,166,193,669,703,35,FALSE,FALSE,FALSE,FALSE,frame_inconsistent_tail
SRR7910035.1964432,677,K,E,AAA,GAA,frame_inconsistent,frame_inconsistent,166,193,669,703,35,TRUE,FALSE,FALSE,TRUE,frame_inconsistent_tail
SRR7910035.1964432,678,K,G,AAG,AAA,frame_inconsistent,frame_inconsistent,166,193,669,703,35,TRUE,TRUE,FALSE,FALSE,frame_inconsistent_tail
SRR7910035.1964432,679,A,E,GCC,GGC,frame_inconsistent,frame_inconsistent,166,193,669,703,35,FALSE,FALSE,FALSE,FALSE,frame_inconsistent_tail
SRR7910035.1964432,680,S,E,TCT,CTC,frame_inconsistent,frame_inconsistent,166,193,669,703,35,FALSE,FALSE,FALSE,FALSE,frame_inconsistent_tail
SRR7910035.1964432,681,E,K,GAA,TGA,frame_inconsistent,frame_inconsistent,166,193,669,703,35,FALSE,FALSE,TRUE,FALSE,frame_inconsistent_tail
SRR7910035.1964432,682,K,D,AAG,AAA,frame_inconsistent,frame_inconsistent,166,193,669,703,35,TRUE,TRUE,FALSE,FALSE,frame_inconsistent_tail
SRR7910035.1964432,684,K,G,AAG,GAA,frame_inconsistent,frame_inconsistent,166,193,669,703,35,TRUE,FALSE,FALSE,TRUE,frame_inconsistent_tail
SRR7910035.1964432,686,D,K,GAC,GGA,frame_inconsistent,frame_inconsistent,166,193,669,703,35,FALSE,FALSE,FALSE,FALSE,frame_inconsistent_tail
SRR7910035.1964432,687,K,T,AAG,CAA,frame_inconsistent,frame_inconsistent,166,193,669,703,35,TRUE,FALSE,FALSE,FALSE,frame_inconsistent_tail
SRR7910035.1964432,688,E,K,GAG,GGA,frame_inconsistent,frame_inconsistent,166,193,669,703,35,FALSE,FALSE,TRUE,FALSE,frame_inconsistent_tail
SRR7910035.1964432,689,D,G,GAT,GGA,frame_inconsistent,frame_inconsistent,166,193,669,703,35,FALSE,FALSE,FALSE,FALSE,frame_inconsistent_tail
SRR7910035.1964432,690,A,G,GCC,TGC,frame_inconsistent,frame_inconsistent,166,193,669,703,35,FALSE,FALSE,FALSE,FALSE,frame_inconsistent_tail
SRR7910035.1964432,691,R,K,CGG,CCG,frame_inconsistent,frame_inconsistent,166,193,669,703,35,FALSE,FALSE,FALSE,FALSE,frame_inconsistent_tail
SRR7910035.1964432,693,K,E,AAA,GAA,frame_inconsistent,frame_inconsistent,166,193,669,703,35,TRUE,FALSE,FALSE,TRUE,frame_inconsistent_tail
SRR7910035.1964432,694,A,K,GCG,AGC,frame_inconsistent,frame_inconsistent,166,193,669,703,35,FALSE,FALSE,FALSE,FALSE,frame_inconsistent_tail
SRR7910035.1964432,696,K,S,AAG,AAA,frame_inconsistent,frame_inconsistent,166,193,669,703,35,TRUE,TRUE,FALSE,FALSE,frame_inconsistent_tail
SRR7910035.1964432,698,M,K,CTG,GCT,frame_inconsistent,frame_inconsistent,166,193,669,703,35,FALSE,FALSE,FALSE,FALSE,frame_inconsistent_tail
SRR7910035.1964432,699,S,A,TCA,GTC,frame_inconsistent,frame_inconsistent,166,193,669,703,35,FALSE,FALSE,FALSE,FALSE,frame_inconsistent_tail
SRR7910035.1964432,700,K,A,AAG,AAA,frame_inconsistent,frame_inconsistent,166,193,669,703,35,TRUE,TRUE,FALSE,FALSE,frame_inconsistent_tail
SRR7910035.1964432,701,A,K,GCT,GGC,frame_inconsistent,frame_inconsistent,166,193,669,703,35,FALSE,FALSE,FALSE,FALSE,frame_inconsistent_tail
SRR7910035.1964432,702,A,S,GCG,TGC,frame_inconsistent,frame_inconsistent,166,193,669,703,35,FALSE,FALSE,FALSE,FALSE,frame_inconsistent_tail
SRR7910035.1964432,703,K,M,AAG,GAA,frame_inconsistent,frame_inconsistent,166,193,669,703,35,TRUE,FALSE,FALSE,TRUE,frame_inconsistent_tail
SRR7910035.1970792,688,E,K,GAG,AGG,frame_inconsistent,frame_inconsistent,172,137,688,705,18,FALSE,FALSE,TRUE,FALSE,frame_inconsistent_tail
SRR7910035.1970792,689,D,R,GAT,AGG,frame_inconsistent,frame_inconsistent,172,137,688,705,18,FALSE,FALSE,FALSE,FALSE,frame_inconsistent_tail
SRR7910035.1970792,690,A,G,GCC,ATG,frame_inconsistent,frame_inconsistent,172,137,688,705,18,FALSE,FALSE,FALSE,FALSE,frame_inconsistent_tail
SRR7910035.1970792,692,K,T,AAG,GGA,frame_inconsistent,frame_inconsistent,172,137,688,705,18,TRUE,FALSE,FALSE,FALSE,frame_inconsistent_tail
SRR7910035.1970792,693,N,R,AAC,AGA,frame_inconsistent,frame_inconsistent,172,137,688,705,18,FALSE,FALSE,FALSE,FALSE,frame_inconsistent_tail
SRR7910035.1970792,694,A,K,GCG,AAG,frame_inconsistent,frame_inconsistent,172,137,688,705,18,FALSE,TRUE,FALSE,FALSE,frame_inconsistent_tail
SRR7910035.1970792,696,K,E,AAG,GAA,frame_inconsistent,frame_inconsistent,172,137,688,705,18,TRUE,FALSE,FALSE,TRUE,frame_inconsistent_tail
SRR7910035.1970792,697,K,G,AAG,AGA,frame_inconsistent,frame_inconsistent,172,137,688,705,18,TRUE,FALSE,FALSE,FALSE,frame_inconsistent_tail
SRR7910035.1970792,698,R,E,CGG,AGC,frame_inconsistent,frame_inconsistent,172,137,688,705,18,FALSE,FALSE,FALSE,FALSE,frame_inconsistent_tail
SRR7910035.1970792,699,S,E,TCA,TGT,frame_inconsistent,frame_inconsistent,172,137,688,705,18,FALSE,FALSE,FALSE,FALSE,frame_inconsistent_tail
SRR7910035.1970792,701,A,D,GCG,AGG,frame_inconsistent,frame_inconsistent,172,137,688,705,18,FALSE,FALSE,FALSE,FALSE,frame_inconsistent_tail
SRR7910035.1970792,702,T,K,ACG,CTG,frame_inconsistent,frame_inconsistent,172,137,688,705,18,FALSE,FALSE,FALSE,FALSE,frame_inconsistent_tail
SRR7910035.1970792,703,K,G,AAG,CGA,frame_inconsistent,frame_inconsistent,172,137,688,705,18,TRUE,FALSE,FALSE,FALSE,frame_inconsistent_tail
SRR7910035.1970792,705,S,K,AGT,AGA,frame_inconsistent,frame_inconsistent,172,137,688,705,18,FALSE,FALSE,FALSE,FALSE,frame_inconsistent_tail
SRR7910035.21584664,684,K,R,AAA,AAG,frame_consistent,frame_consistent,108,150,683,684,2,TRUE,TRUE,FALSE,FALSE,low_complexity_Lys_Glu_region
SRR7910035.24197645,669,A,K,GCA,GGC,frame_inconsistent,frame_inconsistent,97,193,669,680,12,FALSE,FALSE,FALSE,FALSE,frame_inconsistent_tail
SRR7910035.24197645,670,T,R,ACC,AAA,frame_inconsistent,frame_inconsistent,97,193,669,680,12,FALSE,TRUE,FALSE,FALSE,frame_inconsistent_tail
SRR7910035.24197645,671,K,G,AAG,CAA,frame_inconsistent,frame_inconsistent,97,193,669,680,12,TRUE,FALSE,FALSE,FALSE,frame_inconsistent_tail
SRR7910035.24197645,672,K,R,AAA,GAA,frame_inconsistent,frame_inconsistent,97,193,669,680,12,TRUE,FALSE,FALSE,TRUE,frame_inconsistent_tail
SRR7910035.24197645,673,R,T,AGG,AAG,frame_inconsistent,frame_inconsistent,97,193,669,680,12,FALSE,TRUE,FALSE,FALSE,frame_inconsistent_tail
SRR7910035.24197645,674,K,R,AAA,GAA,frame_inconsistent,frame_inconsistent,97,193,669,680,12,TRUE,FALSE,FALSE,TRUE,frame_inconsistent_tail
SRR7910035.24197645,675,T,K,ACT,AGC,frame_inconsistent,frame_inconsistent,97,193,669,680,12,FALSE,FALSE,FALSE,FALSE,frame_inconsistent_tail
SRR7910035.24197645,677,K,E,AAA,GAA,frame_inconsistent,frame_inconsistent,97,193,669,680,12,TRUE,FALSE,FALSE,TRUE,frame_inconsistent_tail
SRR7910035.24197645,678,K,G,AAG,AAA,frame_inconsistent,frame_inconsistent,97,193,669,680,12,TRUE,TRUE,FALSE,FALSE,frame_inconsistent_tail
SRR7910035.24197645,679,G,E,GGC,GGC,frame_inconsistent,frame_inconsistent,97,193,669,680,12,FALSE,FALSE,FALSE,FALSE,nucleotide_identical_translation_discrepancy
SRR7910035.24197645,680,S,E,TCG,CTC,frame_inconsistent,frame_inconsistent,97,193,669,680,12,FALSE,FALSE,FALSE,FALSE,frame_inconsistent_tail
SRR7910035.24697138,675,A,R,GCT,GGT,frame_inconsistent,frame_consistent,158,177,674,700,27,FALSE,FALSE,FALSE,FALSE,frame_inconsistent_tail
SRR7910035.24697138,676,E,G,GAG,GAG,frame_inconsistent,frame_consistent,158,177,674,700,27,FALSE,FALSE,TRUE,TRUE,nucleotide_identical_translation_discrepancy
SRR7910035.24697138,677,K,R,AAA,AAA,frame_inconsistent,frame_consistent,158,177,674,700,27,TRUE,TRUE,FALSE,FALSE,nucleotide_identical_translation_discrepancy
SRR7910035.24697138,678,K,T,AAG,AAG,frame_inconsistent,frame_consistent,158,177,674,700,27,TRUE,TRUE,FALSE,FALSE,nucleotide_identical_translation_discrepancy
SRR7910035.24697138,679,P,R,CCC,GCC,frame_inconsistent,frame_consistent,158,177,674,700,27,FALSE,FALSE,FALSE,FALSE,frame_inconsistent_tail
SRR7910035.24697138,680,S,K,TCT,TCA,frame_inconsistent,frame_consistent,158,177,674,700,27,FALSE,FALSE,FALSE,FALSE,frame_inconsistent_tail
SRR7910035.24697138,682,K,E,AAG,AAG,frame_inconsistent,frame_consistent,158,177,674,700,27,TRUE,TRUE,FALSE,FALSE,nucleotide_identical_translation_discrepancy
SRR7910035.24697138,683,K,G,AAG,AAG,frame_inconsistent,frame_consistent,158,177,674,700,27,TRUE,TRUE,FALSE,FALSE,nucleotide_identical_translation_discrepancy
SRR7910035.24697138,684,T,E,ACG,AAG,frame_inconsistent,frame_consistent,158,177,674,700,27,FALSE,TRUE,FALSE,FALSE,frame_inconsistent_tail
SRR7910035.24697138,685,K,E,AAG,AAG,frame_inconsistent,frame_consistent,158,177,674,700,27,TRUE,TRUE,FALSE,FALSE,nucleotide_identical_translation_discrepancy
SRR7910035.24697138,686,D,K,GAC,GAC,frame_inconsistent,frame_consistent,158,177,674,700,27,FALSE,FALSE,FALSE,FALSE,nucleotide_identical_translation_discrepancy
SRR7910035.24697138,687,K,D,AAG,AAG,frame_inconsistent,frame_consistent,158,177,674,700,27,TRUE,TRUE,FALSE,FALSE,nucleotide_identical_translation_discrepancy
SRR7910035.24697138,688,E,K,GAG,GGG,frame_inconsistent,frame_consistent,158,177,674,700,27,FALSE,FALSE,TRUE,FALSE,frame_inconsistent_tail
SRR7910035.24697138,689,D,G,GAT,GAT,frame_inconsistent,frame_consistent,158,177,674,700,27,FALSE,FALSE,FALSE,FALSE,nucleotide_identical_translation_discrepancy
SRR7910035.24697138,690,A,K,GCC,GCC,frame_inconsistent,frame_consistent,158,177,674,700,27,FALSE,FALSE,FALSE,FALSE,nucleotide_identical_translation_discrepancy
SRR7910035.24697138,691,R,K,CGG,CGG,frame_inconsistent,frame_consistent,158,177,674,700,27,FALSE,FALSE,FALSE,FALSE,nucleotide_identical_translation_discrepancy
SRR7910035.24697138,693,Q,K,CAA,AAA,frame_inconsistent,frame_consistent,158,177,674,700,27,FALSE,TRUE,FALSE,FALSE,frame_inconsistent_tail
SRR7910035.24697138,694,A,G,GCG,GCG,frame_inconsistent,frame_consistent,158,177,674,700,27,FALSE,FALSE,FALSE,FALSE,nucleotide_identical_translation_discrepancy
SRR7910035.24697138,697,N,K,AAT,AAG,frame_inconsistent,frame_consistent,158,177,674,700,27,FALSE,TRUE,FALSE,FALSE,frame_inconsistent_tail
SRR7910035.24697138,698,V,E,GTG,CTG,frame_inconsistent,frame_consistent,158,177,674,700,27,FALSE,FALSE,FALSE,FALSE,frame_inconsistent_tail
SRR7910035.24697138,699,S,K,TCA,TCA,frame_inconsistent,frame_consistent,158,177,674,700,27,FALSE,FALSE,FALSE,FALSE,nucleotide_identical_translation_discrepancy
SRR7910035.24697138,700,K,G,AAG,AAG,frame_inconsistent,frame_consistent,158,177,674,700,27,TRUE,TRUE,FALSE,FALSE,nucleotide_identical_translation_discrepancy
SRR7910035.3359319,670,T,K,ACC,AAA,frame_inconsistent,frame_inconsistent,184,191,670,709,40,FALSE,TRUE,FALSE,FALSE,frame_inconsistent_tail
SRR7910035.3359319,671,K,R,AAG,CAA,frame_inconsistent,frame_inconsistent,184,191,670,709,40,TRUE,FALSE,FALSE,FALSE,frame_inconsistent_tail
SRR7910035.3359319,672,K,G,AAA,AGA,frame_inconsistent,frame_inconsistent,184,191,670,709,40,TRUE,FALSE,FALSE,FALSE,frame_inconsistent_tail
SRR7910035.3359319,674,K,T,AAA,GGA,frame_inconsistent,frame_inconsistent,184,191,670,709,40,TRUE,FALSE,FALSE,FALSE,frame_inconsistent_tail
SRR7910035.3359319,675,A,R,GCT,AAG,frame_inconsistent,frame_inconsistent,184,191,670,709,40,FALSE,TRUE,FALSE,FALSE,frame_inconsistent_tail
SRR7910035.3359319,676,E,K,GAG,CTG,frame_inconsistent,frame_inconsistent,184,191,670,709,40,FALSE,FALSE,TRUE,FALSE,frame_inconsistent_tail
SRR7910035.3359319,677,K,E,AAA,AGA,frame_inconsistent,frame_inconsistent,184,191,670,709,40,TRUE,FALSE,FALSE,FALSE,frame_inconsistent_tail
SRR7910035.3359319,678,K,E,AAG,AAA,frame_inconsistent,frame_inconsistent,184,191,670,709,40,TRUE,TRUE,FALSE,FALSE,frame_inconsistent_tail
SRR7910035.3359319,679,A,G,GCC,AGG,frame_inconsistent,frame_inconsistent,184,191,670,709,40,FALSE,FALSE,FALSE,FALSE,frame_inconsistent_tail
SRR7910035.3359319,680,S,E,TCT,CCT,frame_inconsistent,frame_inconsistent,184,191,670,709,40,FALSE,FALSE,FALSE,FALSE,frame_inconsistent_tail
SRR7910035.3359319,682,Q,K,CAG,AAA,frame_inconsistent,frame_inconsistent,184,191,670,709,40,FALSE,TRUE,FALSE,FALSE,frame_inconsistent_tail
SRR7910035.3359319,683,K,D,AAG,AGA,frame_inconsistent,frame_inconsistent,184,191,670,709,40,TRUE,FALSE,FALSE,FALSE,frame_inconsistent_tail
SRR7910035.3359319,685,K,G,AAG,AGA,frame_inconsistent,frame_inconsistent,184,191,670,709,40,TRUE,FALSE,FALSE,FALSE,frame_inconsistent_tail
SRR7910035.3359319,686,D,K,GAC,AGG,frame_inconsistent,frame_inconsistent,184,191,670,709,40,FALSE,FALSE,FALSE,FALSE,frame_inconsistent_tail
SRR7910035.3359319,688,E,T,GAG,AGG,frame_inconsistent,frame_inconsistent,184,191,670,709,40,FALSE,FALSE,TRUE,FALSE,frame_inconsistent_tail
SRR7910035.3359319,689,D,K,GAT,AGG,frame_inconsistent,frame_inconsistent,184,191,670,709,40,FALSE,FALSE,FALSE,FALSE,frame_inconsistent_tail
SRR7910035.3359319,690,D,G,GAC,ATG,frame_inconsistent,frame_inconsistent,184,191,670,709,40,FALSE,FALSE,FALSE,FALSE,frame_inconsistent_tail
SRR7910035.3359319,691,R,G,CGG,CCC,frame_inconsistent,frame_inconsistent,184,191,670,709,40,FALSE,FALSE,FALSE,FALSE,frame_inconsistent_tail
SRR7910035.3359319,694,A,E,GCG,AAG,frame_inconsistent,frame_inconsistent,184,191,670,709,40,FALSE,TRUE,FALSE,FALSE,frame_inconsistent_tail
SRR7910035.3359319,695,G,K,GGA,CGG,frame_inconsistent,frame_inconsistent,184,191,670,709,40,FALSE,FALSE,FALSE,FALSE,frame_inconsistent_tail
SRR7910035.3359319,696,K,G,AAG,GAA,frame_inconsistent,frame_inconsistent,184,191,670,709,40,TRUE,FALSE,FALSE,TRUE,frame_inconsistent_tail
SRR7910035.3359319,697,K,S,AAG,AGA,frame_inconsistent,frame_inconsistent,184,191,670,709,40,TRUE,FALSE,FALSE,FALSE,frame_inconsistent_tail
SRR7910035.3359319,698,M,K,CTG,AGC,frame_inconsistent,frame_inconsistent,184,191,670,709,40,FALSE,FALSE,FALSE,FALSE,frame_inconsistent_tail
SRR7910035.3359319,699,S,K,TCA,TGT,frame_inconsistent,frame_inconsistent,184,191,670,709,40,FALSE,FALSE,FALSE,FALSE,frame_inconsistent_tail
SRR7910035.3359319,700,K,A,AAG,CAA,frame_inconsistent,frame_inconsistent,184,191,670,709,40,TRUE,FALSE,FALSE,FALSE,frame_inconsistent_tail
SRR7910035.3359319,702,A,K,GCG,CTG,frame_inconsistent,frame_inconsistent,184,191,670,709,40,FALSE,FALSE,FALSE,FALSE,frame_inconsistent_tail
SRR7910035.3359319,703,K,S,AAG,CGA,frame_inconsistent,frame_inconsistent,184,191,670,709,40,TRUE,FALSE,FALSE,FALSE,frame_inconsistent_tail
SRR7910035.3359319,704,K,M,AAG,AGA,frame_inconsistent,frame_inconsistent,184,191,670,709,40,TRUE,FALSE,FALSE,FALSE,frame_inconsistent_tail
SRR7910035.3359319,705,S,K,AGT,AGA,frame_inconsistent,frame_inconsistent,184,191,670,709,40,FALSE,FALSE,FALSE,FALSE,frame_inconsistent_tail
SRR7910035.3359319,706,G,K,GGA,GTG,frame_inconsistent,frame_inconsistent,184,191,670,709,40,FALSE,FALSE,FALSE,FALSE,frame_inconsistent_tail
SRR7910035.3359319,707,R,G,AGG,GAA,frame_inconsistent,frame_inconsistent,184,191,670,709,40,FALSE,FALSE,FALSE,TRUE,frame_inconsistent_tail
SRR7910035.3359319,708,E,A,GAG,AGG,frame_inconsistent,frame_inconsistent,184,191,670,709,40,FALSE,FALSE,TRUE,FALSE,frame_inconsistent_tail
SRR7910035.3831778,706,R,G,AGA,TGG,frame_inconsistent,frame_inconsistent,193,88,704,712,9,FALSE,FALSE,FALSE,FALSE,frame_inconsistent_tail
SRR7910035.3831778,707,K,R,AAG,AAA,frame_inconsistent,frame_inconsistent,193,88,704,712,9,TRUE,TRUE,FALSE,FALSE,frame_inconsistent_tail
SRR7910035.3831778,708,V,T,GTC,GGA,frame_inconsistent,frame_inconsistent,193,88,704,712,9,FALSE,FALSE,FALSE,FALSE,frame_inconsistent_tail
SRR7910035.3831778,709,K,L,AAA,GAA,frame_inconsistent,frame_inconsistent,193,88,704,712,9,TRUE,FALSE,FALSE,TRUE,frame_inconsistent_tail
SRR7910035.3831778,711,G,E,GGT,GGG,frame_inconsistent,frame_inconsistent,193,88,704,712,9,FALSE,FALSE,FALSE,FALSE,frame_inconsistent_tail
SRR7910035.3831778,712,R,E,AGA,TAG,frame_inconsistent,frame_inconsistent,193,88,704,712,9,FALSE,FALSE,FALSE,FALSE,frame_inconsistent_tail
SRR7910035.621828,674,N,G,AAC,GAA,frame_consistent,frame_inconsistent,114,184,672,686,15,FALSE,FALSE,FALSE,TRUE,frame_inconsistent_tail
SRR7910035.621828,675,A,R,GCT,AGC,frame_consistent,frame_inconsistent,114,184,672,686,15,FALSE,FALSE,FALSE,FALSE,frame_inconsistent_tail
SRR7910035.621828,676,E,T,GAG,TGA,frame_consistent,frame_inconsistent,114,184,672,686,15,FALSE,FALSE,TRUE,FALSE,frame_inconsistent_tail
SRR7910035.621828,677,K,R,AAA,GAA,frame_consistent,frame_inconsistent,114,184,672,686,15,TRUE,FALSE,FALSE,TRUE,frame_inconsistent_tail
SRR7910035.621828,679,X,E,GGN,GGC,frame_consistent,frame_inconsistent,114,184,672,686,15,FALSE,FALSE,FALSE,FALSE,frame_inconsistent_tail
SRR7910035.621828,680,P,E,CCG,CTC,frame_consistent,frame_inconsistent,114,184,672,686,15,FALSE,FALSE,FALSE,FALSE,frame_inconsistent_tail
SRR7910035.621828,681,E,G,GAA,TGA,frame_consistent,frame_inconsistent,114,184,672,686,15,FALSE,FALSE,TRUE,FALSE,frame_inconsistent_tail
SRR7910035.621828,682,K,E,AAG,AAA,frame_consistent,frame_inconsistent,114,184,672,686,15,TRUE,TRUE,FALSE,FALSE,frame_inconsistent_tail
SRR7910035.621828,683,K,E,AAG,AAA,frame_consistent,frame_inconsistent,114,184,672,686,15,TRUE,TRUE,FALSE,FALSE,frame_inconsistent_tail
SRR7910035.621828,685,K,D,AAG,GAA,frame_consistent,frame_inconsistent,114,184,672,686,15,TRUE,FALSE,FALSE,TRUE,frame_inconsistent_tail
SRR7910035.621828,686,D,K,GAC,GGA,frame_consistent,frame_inconsistent,114,184,672,686,15,FALSE,FALSE,FALSE,FALSE,frame_inconsistent_tail
